Region,RegionCode,City,Link
Bayern,BY,Abenberg,/wiki/Abenberg
Bayern,BY,Abensberg,/wiki/Abensberg
Bayern,BY,Aichach,/wiki/Aichach
Bayern,BY,Altdorf bei Nürnberg,/wiki/Altdorf_bei_N%C3%BCrnberg
Bayern,BY,Altötting,/wiki/Alt%C3%B6tting
Bayern,BY,Alzenau,/wiki/Alzenau
Bayern,BY,Amberg,/wiki/Amberg
Bayern,BY,Amorbach,/wiki/Amorbach
Bayern,BY,Ansbach,/wiki/Ansbach
Bayern,BY,Arnstein,/wiki/Arnstein_(Unterfranken)
Bayern,BY,Arzberg,/wiki/Arzberg_(Oberfranken)
Bayern,BY,Aschaffenburg,/wiki/Aschaffenburg
Bayern,BY,Aub,/wiki/Aub
Bayern,BY,Auerbach in der Oberpfalz,/wiki/Auerbach_in_der_Oberpfalz
Bayern,BY,Augsburg,/wiki/Augsburg
Bayern,BY,Bad Aibling,/wiki/Bad_Aibling
Bayern,BY,Bad Berneck im Fichtelgebirge,/wiki/Bad_Berneck_im_Fichtelgebirge
Bayern,BY,Bad Brückenau,/wiki/Bad_Br%C3%BCckenau
Bayern,BY,Bad Griesbach im Rottal,/wiki/Bad_Griesbach_im_Rottal
Bayern,BY,Bad Kissingen,/wiki/Bad_Kissingen
Bayern,BY,Bad Königshofen im Grabfeld,/wiki/Bad_K%C3%B6nigshofen_im_Grabfeld
Bayern,BY,Bad Kötzting,/wiki/Bad_K%C3%B6tzting
Bayern,BY,Bad Neustadt an der Saale,/wiki/Bad_Neustadt_an_der_Saale
Bayern,BY,Bad Reichenhall,/wiki/Bad_Reichenhall
Bayern,BY,Bad Rodach,/wiki/Bad_Rodach
Bayern,BY,Bad Staffelstein,/wiki/Bad_Staffelstein
Bayern,BY,Bad Tölz,/wiki/Bad_T%C3%B6lz
Bayern,BY,Bad Windsheim,/wiki/Bad_Windsheim
Bayern,BY,Bad Wörishofen,/wiki/Bad_W%C3%B6rishofen
Bayern,BY,Baiersdorf,/wiki/Baiersdorf
Bayern,BY,Bamberg,/wiki/Bamberg
Bayern,BY,Bärnau,/wiki/B%C3%A4rnau
Bayern,BY,Baunach,/wiki/Baunach
Bayern,BY,Bayreuth,/wiki/Bayreuth
Bayern,BY,Beilngries,/wiki/Beilngries
Bayern,BY,Berching,/wiki/Berching
Bayern,BY,Betzenstein,/wiki/Betzenstein
Bayern,BY,Bischofsheim in der Rhön,/wiki/Bischofsheim_in_der_Rh%C3%B6n
Bayern,BY,Bobingen,/wiki/Bobingen
Bayern,BY,Bogen,/wiki/Bogen_(Stadt)
Bayern,BY,Buchloe,/wiki/Buchloe
Bayern,BY,Burgau,/wiki/Burgau
Bayern,BY,Burgbernheim,/wiki/Burgbernheim
Bayern,BY,Burghausen,/wiki/Burghausen
Bayern,BY,Burgkunstadt,/wiki/Burgkunstadt
Bayern,BY,Burglengenfeld,/wiki/Burglengenfeld
Bayern,BY,Cham,/wiki/Cham_(Oberpfalz)
Bayern,BY,Coburg,/wiki/Coburg
Bayern,BY,Creußen,/wiki/Creu%C3%9Fen
Bayern,BY,Dachau,/wiki/Dachau
Bayern,BY,Deggendorf,/wiki/Deggendorf
Bayern,BY,Dettelbach,/wiki/Dettelbach
Bayern,BY,Dietfurt an der Altmühl,/wiki/Dietfurt_an_der_Altm%C3%BChl
Bayern,BY,Dillingen an der Donau,/wiki/Dillingen_an_der_Donau
Bayern,BY,Dingolfing,/wiki/Dingolfing
Bayern,BY,Dinkelsbühl,/wiki/Dinkelsb%C3%BChl
Bayern,BY,Donauwörth,/wiki/Donauw%C3%B6rth
Bayern,BY,Dorfen,/wiki/Dorfen
Bayern,BY,Ebermannstadt,/wiki/Ebermannstadt
Bayern,BY,Ebern,/wiki/Ebern
Bayern,BY,Ebersberg,/wiki/Ebersberg
Bayern,BY,Eggenfelden,/wiki/Eggenfelden
Bayern,BY,Eibelstadt,/wiki/Eibelstadt
Bayern,BY,Eichstätt,/wiki/Eichst%C3%A4tt
Bayern,BY,Ellingen,/wiki/Ellingen
Bayern,BY,Eltmann,/wiki/Eltmann
Bayern,BY,Erbendorf,/wiki/Erbendorf
Bayern,BY,Erding,/wiki/Erding
Bayern,BY,Erlangen,/wiki/Erlangen
Bayern,BY,Erlenbach am Main,/wiki/Erlenbach_am_Main
Bayern,BY,Eschenbach in der Oberpfalz,/wiki/Eschenbach_in_der_Oberpfalz
Bayern,BY,Feuchtwangen,/wiki/Feuchtwangen
Bayern,BY,Fladungen,/wiki/Fladungen
Bayern,BY,Forchheim,/wiki/Forchheim
Bayern,BY,Freilassing,/wiki/Freilassing
Bayern,BY,Freising,/wiki/Freising
Bayern,BY,Freystadt,/wiki/Freystadt
Bayern,BY,Freyung,/wiki/Freyung
Bayern,BY,Friedberg,/wiki/Friedberg_(Bayern)
Bayern,BY,Fürstenfeldbruck,/wiki/F%C3%BCrstenfeldbruck
Bayern,BY,Fürth,/wiki/F%C3%BCrth
Bayern,BY,Furth im Wald,/wiki/Furth_im_Wald
Bayern,BY,Füssen,/wiki/F%C3%BCssen
Bayern,BY,Garching bei München,/wiki/Garching_bei_M%C3%BCnchen
Bayern,BY,Gefrees,/wiki/Gefrees
Bayern,BY,Geiselhöring,/wiki/Geiselh%C3%B6ring
Bayern,BY,Geisenfeld,/wiki/Geisenfeld
Bayern,BY,Gemünden am Main,/wiki/Gem%C3%BCnden_am_Main
Bayern,BY,Geretsried,/wiki/Geretsried
Bayern,BY,Germering,/wiki/Germering
Bayern,BY,Gerolzhofen,/wiki/Gerolzhofen
Bayern,BY,Gersthofen,/wiki/Gersthofen
Bayern,BY,Goldkronach,/wiki/Goldkronach
Bayern,BY,Grafenau,/wiki/Grafenau_(Niederbayern)
Bayern,BY,Gräfenberg,/wiki/Gr%C3%A4fenberg
Bayern,BY,Grafenwöhr,/wiki/Grafenw%C3%B6hr
Bayern,BY,Grafing bei München,/wiki/Grafing_bei_M%C3%BCnchen
Bayern,BY,Greding,/wiki/Greding
Bayern,BY,Gundelfingen an der Donau,/wiki/Gundelfingen_an_der_Donau
Bayern,BY,Günzburg,/wiki/G%C3%BCnzburg
Bayern,BY,Gunzenhausen,/wiki/Gunzenhausen
Bayern,BY,Hallstadt,/wiki/Hallstadt
Bayern,BY,Hammelburg,/wiki/Hammelburg
Bayern,BY,Harburg,/wiki/Harburg_(Schwaben)
Bayern,BY,Haßfurt,/wiki/Ha%C3%9Ffurt
Bayern,BY,Hauzenberg,/wiki/Hauzenberg
Bayern,BY,Heideck,/wiki/Heideck
Bayern,BY,Heilsbronn,/wiki/Heilsbronn
Bayern,BY,Helmbrechts,/wiki/Helmbrechts
Bayern,BY,Hemau,/wiki/Hemau
Bayern,BY,Herrieden,/wiki/Herrieden
Bayern,BY,Hersbruck,/wiki/Hersbruck
Bayern,BY,Herzogenaurach,/wiki/Herzogenaurach
Bayern,BY,Hilpoltstein,/wiki/Hilpoltstein
Bayern,BY,Hirschau,/wiki/Hirschau
Bayern,BY,Höchstadt an der Aisch,/wiki/H%C3%B6chstadt_an_der_Aisch
Bayern,BY,Höchstädt an der Donau,/wiki/H%C3%B6chst%C3%A4dt_an_der_Donau
Bayern,BY,Hof,/wiki/Hof_(Saale)
Bayern,BY,Hofheim in Unterfranken,/wiki/Hofheim_in_Unterfranken
Bayern,BY,Hohenberg an der Eger,/wiki/Hohenberg_an_der_Eger
Bayern,BY,Hollfeld,/wiki/Hollfeld
Bayern,BY,Ichenhausen,/wiki/Ichenhausen
Bayern,BY,Illertissen,/wiki/Illertissen
Bayern,BY,Immenstadt im Allgäu,/wiki/Immenstadt_im_Allg%C3%A4u
Bayern,BY,Ingolstadt,/wiki/Ingolstadt
Bayern,BY,Iphofen,/wiki/Iphofen
Bayern,BY,Karlstadt,/wiki/Karlstadt
Bayern,BY,Kaufbeuren,/wiki/Kaufbeuren
Bayern,BY,Kelheim,/wiki/Kelheim
Bayern,BY,Kemnath,/wiki/Kemnath
Bayern,BY,Kempten,/wiki/Kempten_(Allg%C3%A4u)
Bayern,BY,Kirchenlamitz,/wiki/Kirchenlamitz
Bayern,BY,Kitzingen,/wiki/Kitzingen
Bayern,BY,Klingenberg am Main,/wiki/Klingenberg_am_Main
Bayern,BY,Kolbermoor,/wiki/Kolbermoor
Bayern,BY,Königsberg in Bayern,/wiki/K%C3%B6nigsberg_in_Bayern
Bayern,BY,Königsbrunn,/wiki/K%C3%B6nigsbrunn
Bayern,BY,Kronach,/wiki/Kronach
Bayern,BY,Krumbach,/wiki/Krumbach_(Schwaben)
Bayern,BY,Kulmbach,/wiki/Kulmbach
Bayern,BY,Kupferberg,/wiki/Kupferberg
Bayern,BY,Landau an der Isar,/wiki/Landau_an_der_Isar
Bayern,BY,Landsberg am Lech,/wiki/Landsberg_am_Lech
Bayern,BY,Landshut,/wiki/Landshut
Bayern,BY,Langenzenn,/wiki/Langenzenn
Bayern,BY,Lauf an der Pegnitz,/wiki/Lauf_an_der_Pegnitz
Bayern,BY,Laufen,/wiki/Laufen_(Salzach)
Bayern,BY,Lauingen,/wiki/Lauingen_(Donau)
Bayern,BY,Leipheim,/wiki/Leipheim
Bayern,BY,Leutershausen,/wiki/Leutershausen
Bayern,BY,Lichtenberg,/wiki/Lichtenberg_(Oberfranken)
Bayern,BY,Lichtenfels,/wiki/Lichtenfels_(Oberfranken)
Bayern,BY,Lindau,/wiki/Lindau_(Bodensee)
Bayern,BY,Lindenberg im Allgäu,/wiki/Lindenberg_im_Allg%C3%A4u
Bayern,BY,Lohr am Main,/wiki/Lohr_am_Main
Bayern,BY,Ludwigsstadt,/wiki/Ludwigsstadt
Bayern,BY,Mainbernheim,/wiki/Mainbernheim
Bayern,BY,Mainburg,/wiki/Mainburg
Bayern,BY,Marktbreit,/wiki/Marktbreit
Bayern,BY,Marktheidenfeld,/wiki/Marktheidenfeld
Bayern,BY,Marktleuthen,/wiki/Marktleuthen
Bayern,BY,Marktoberdorf,/wiki/Marktoberdorf
Bayern,BY,Marktredwitz,/wiki/Marktredwitz
Bayern,BY,Marktsteft,/wiki/Marktsteft
Bayern,BY,Maxhütte-Haidhof,/wiki/Maxh%C3%BCtte-Haidhof
Bayern,BY,Mellrichstadt,/wiki/Mellrichstadt
Bayern,BY,Memmingen,/wiki/Memmingen
Bayern,BY,Merkendorf,/wiki/Merkendorf_(Mittelfranken)
Bayern,BY,Miesbach,/wiki/Miesbach
Bayern,BY,Miltenberg,/wiki/Miltenberg
Bayern,BY,Mindelheim,/wiki/Mindelheim
Bayern,BY,Mitterteich,/wiki/Mitterteich
Bayern,BY,Monheim,/wiki/Monheim_(Schwaben)
Bayern,BY,Moosburg an der Isar,/wiki/Moosburg_an_der_Isar
Bayern,BY,Mühldorf am Inn,/wiki/M%C3%BChldorf_am_Inn
Bayern,BY,Münchberg,/wiki/M%C3%BCnchberg
Bayern,BY,München,/wiki/M%C3%BCnchen
Bayern,BY,Münnerstadt,/wiki/M%C3%BCnnerstadt
Bayern,BY,Nabburg,/wiki/Nabburg
Bayern,BY,Naila,/wiki/Naila
Bayern,BY,Neuburg an der Donau,/wiki/Neuburg_an_der_Donau
Bayern,BY,Neumarkt in der Oberpfalz,/wiki/Neumarkt_in_der_Oberpfalz
Bayern,BY,Neumarkt-Sankt Veit,/wiki/Neumarkt-Sankt_Veit
Bayern,BY,Neunburg vorm Wald,/wiki/Neunburg_vorm_Wald
Bayern,BY,Neuötting,/wiki/Neu%C3%B6tting
Bayern,BY,Neusäß,/wiki/Neus%C3%A4%C3%9F
Bayern,BY,Neustadt am Kulm,/wiki/Neustadt_am_Kulm
Bayern,BY,Neustadt an der Aisch,/wiki/Neustadt_an_der_Aisch
Bayern,BY,Neustadt an der Donau,/wiki/Neustadt_an_der_Donau
Bayern,BY,Neustadt an der Waldnaab,/wiki/Neustadt_an_der_Waldnaab
Bayern,BY,Neustadt bei Coburg,/wiki/Neustadt_bei_Coburg
Bayern,BY,Neutraubling,/wiki/Neutraubling
Bayern,BY,Neu-Ulm,/wiki/Neu-Ulm
Bayern,BY,Nittenau,/wiki/Nittenau
Bayern,BY,Nördlingen,/wiki/N%C3%B6rdlingen
Bayern,BY,Nürnberg,/wiki/N%C3%BCrnberg
Bayern,BY,Oberasbach,/wiki/Oberasbach
Bayern,BY,Obernburg am Main,/wiki/Obernburg_am_Main
Bayern,BY,Oberviechtach,/wiki/Oberviechtach
Bayern,BY,Ochsenfurt,/wiki/Ochsenfurt
Bayern,BY,Oettingen in Bayern,/wiki/Oettingen_in_Bayern
Bayern,BY,Olching,/wiki/Olching
Bayern,BY,Ornbau,/wiki/Ornbau
Bayern,BY,Osterhofen,/wiki/Osterhofen
Bayern,BY,Ostheim vor der Rhön,/wiki/Ostheim_vor_der_Rh%C3%B6n
Bayern,BY,Pappenheim,/wiki/Pappenheim
Bayern,BY,Parsberg,/wiki/Parsberg
Bayern,BY,Passau,/wiki/Passau
Bayern,BY,Pegnitz,/wiki/Pegnitz_(Stadt)
Bayern,BY,Penzberg,/wiki/Penzberg
Bayern,BY,Pfaffenhofen an der Ilm,/wiki/Pfaffenhofen_an_der_Ilm
Bayern,BY,Pfarrkirchen,/wiki/Pfarrkirchen
Bayern,BY,Pfreimd,/wiki/Pfreimd
Bayern,BY,Plattling,/wiki/Plattling
Bayern,BY,Pleystein,/wiki/Pleystein
Bayern,BY,Pocking,/wiki/Pocking
Bayern,BY,Pottenstein,/wiki/Pottenstein_(Oberfranken)
Bayern,BY,Pressath,/wiki/Pressath
Bayern,BY,Prichsenstadt,/wiki/Prichsenstadt
Bayern,BY,Puchheim,/wiki/Puchheim
Bayern,BY,Rain,/wiki/Rain_(Lech)
Bayern,BY,Regen,/wiki/Regen_(Stadt)
Bayern,BY,Regensburg,/wiki/Regensburg
Bayern,BY,Rehau,/wiki/Rehau
Bayern,BY,Riedenburg,/wiki/Riedenburg
Bayern,BY,Rieneck,/wiki/Rieneck
Bayern,BY,Rödental,/wiki/R%C3%B6dental
Bayern,BY,Roding,/wiki/Roding
Bayern,BY,Rosenheim,/wiki/Rosenheim
Bayern,BY,Roth,/wiki/Roth
Bayern,BY,Röthenbach an der Pegnitz,/wiki/R%C3%B6thenbach_an_der_Pegnitz
Bayern,BY,Rothenburg ob der Tauber,/wiki/Rothenburg_ob_der_Tauber
Bayern,BY,Rothenfels,/wiki/Rothenfels
Bayern,BY,Rottenburg an der Laaber,/wiki/Rottenburg_an_der_Laaber
Bayern,BY,Röttingen,/wiki/R%C3%B6ttingen
Bayern,BY,Rötz,/wiki/R%C3%B6tz
Bayern,BY,Schauenstein,/wiki/Schauenstein
Bayern,BY,Scheinfeld,/wiki/Scheinfeld
Bayern,BY,Scheßlitz,/wiki/Sche%C3%9Flitz
Bayern,BY,Schillingsfürst,/wiki/Schillingsf%C3%BCrst
Bayern,BY,Schlüsselfeld,/wiki/Schl%C3%BCsselfeld
Bayern,BY,Schnaittenbach,/wiki/Schnaittenbach
Bayern,BY,Schongau,/wiki/Schongau
Bayern,BY,Schönsee,/wiki/Sch%C3%B6nsee
Bayern,BY,Schönwald,/wiki/Sch%C3%B6nwald_(Bayern)
Bayern,BY,Schrobenhausen,/wiki/Schrobenhausen
Bayern,BY,Schwabach,/wiki/Schwabach
Bayern,BY,Schwabmünchen,/wiki/Schwabm%C3%BCnchen
Bayern,BY,Schwandorf,/wiki/Schwandorf
Bayern,BY,Schwarzenbach am Wald,/wiki/Schwarzenbach_am_Wald
Bayern,BY,Schwarzenbach an der Saale,/wiki/Schwarzenbach_an_der_Saale
Bayern,BY,Schweinfurt,/wiki/Schweinfurt
Bayern,BY,Selb,/wiki/Selb
Bayern,BY,Selbitz,/wiki/Selbitz_(Oberfranken)
Bayern,BY,Senden,/wiki/Senden_(Bayern)
Bayern,BY,Seßlach,/wiki/Se%C3%9Flach
Bayern,BY,Simbach am Inn,/wiki/Simbach_am_Inn
Bayern,BY,Sonthofen,/wiki/Sonthofen
Bayern,BY,Spalt,/wiki/Spalt
Bayern,BY,Stadtbergen,/wiki/Stadtbergen
Bayern,BY,Stadtprozelten,/wiki/Stadtprozelten
Bayern,BY,Stadtsteinach,/wiki/Stadtsteinach
Bayern,BY,Starnberg,/wiki/Starnberg
Bayern,BY,Stein,/wiki/Stein_(Mittelfranken)
Bayern,BY,Straubing,/wiki/Straubing
Bayern,BY,Sulzbach-Rosenberg,/wiki/Sulzbach-Rosenberg
Bayern,BY,Tegernsee,/wiki/Tegernsee_(Stadt)
Bayern,BY,Teublitz,/wiki/Teublitz
Bayern,BY,Teuschnitz,/wiki/Teuschnitz
Bayern,BY,Thannhausen,/wiki/Thannhausen_(Schwaben)
Bayern,BY,Tirschenreuth,/wiki/Tirschenreuth
Bayern,BY,Tittmoning,/wiki/Tittmoning
Bayern,BY,Töging am Inn,/wiki/T%C3%B6ging_am_Inn
Bayern,BY,Traunreut,/wiki/Traunreut
Bayern,BY,Traunstein,/wiki/Traunstein
Bayern,BY,Treuchtlingen,/wiki/Treuchtlingen
Bayern,BY,Trostberg,/wiki/Trostberg
Bayern,BY,Uffenheim,/wiki/Uffenheim
Bayern,BY,Unterschleißheim,/wiki/Unterschlei%C3%9Fheim
Bayern,BY,Velburg,/wiki/Velburg
Bayern,BY,Velden,/wiki/Velden_(Pegnitz)
Bayern,BY,Viechtach,/wiki/Viechtach
Bayern,BY,Vilsbiburg,/wiki/Vilsbiburg
Bayern,BY,Vilseck,/wiki/Vilseck
Bayern,BY,Vilshofen an der Donau,/wiki/Vilshofen_an_der_Donau
Bayern,BY,Vohburg an der Donau,/wiki/Vohburg_an_der_Donau
Bayern,BY,Vohenstrauß,/wiki/Vohenstrau%C3%9F
Bayern,BY,Vöhringen,/wiki/V%C3%B6hringen_(Iller)
Bayern,BY,Volkach,/wiki/Volkach
Bayern,BY,Waischenfeld,/wiki/Waischenfeld
Bayern,BY,Waldershof,/wiki/Waldershof
Bayern,BY,Waldkirchen,/wiki/Waldkirchen
Bayern,BY,Waldkraiburg,/wiki/Waldkraiburg
Bayern,BY,Waldmünchen,/wiki/Waldm%C3%BCnchen
Bayern,BY,Waldsassen,/wiki/Waldsassen
Bayern,BY,Wallenfels,/wiki/Wallenfels
Bayern,BY,Wasserburg am Inn,/wiki/Wasserburg_am_Inn
Bayern,BY,Wassertrüdingen,/wiki/Wassertr%C3%BCdingen
Bayern,BY,Weiden in der Oberpfalz,/wiki/Weiden_in_der_Oberpfalz
Bayern,BY,Weilheim in Oberbayern,/wiki/Weilheim_in_Oberbayern
Bayern,BY,Weismain,/wiki/Weismain
Bayern,BY,Weißenburg in Bayern,/wiki/Wei%C3%9Fenburg_in_Bayern
Bayern,BY,Weißenhorn,/wiki/Wei%C3%9Fenhorn
Bayern,BY,Weißenstadt,/wiki/Wei%C3%9Fenstadt
Bayern,BY,Wemding,/wiki/Wemding
Bayern,BY,Wertingen,/wiki/Wertingen
Bayern,BY,Windischeschenbach,/wiki/Windischeschenbach
Bayern,BY,Windsbach,/wiki/Windsbach
Bayern,BY,Wolframs-Eschenbach,/wiki/Wolframs-Eschenbach
Bayern,BY,Wolfratshausen,/wiki/Wolfratshausen
Bayern,BY,Wörth am Main,/wiki/W%C3%B6rth_am_Main
Bayern,BY,Wörth an der Donau,/wiki/W%C3%B6rth_an_der_Donau
Bayern,BY,Wunsiedel,/wiki/Wunsiedel
Bayern,BY,Würzburg,/wiki/W%C3%BCrzburg
Bayern,BY,Zeil am Main,/wiki/Zeil_am_Main
Bayern,BY,Zirndorf,/wiki/Zirndorf
Bayern,BY,Zwiesel,/wiki/Zwiesel
Baden-Württemberg,BW,Aach,/wiki/Aach_(Hegau)
Baden-Württemberg,BW,Aalen,/wiki/Aalen
Baden-Württemberg,BW,Achern,/wiki/Achern
Baden-Württemberg,BW,Adelsheim,/wiki/Adelsheim
Baden-Württemberg,BW,Aichtal,/wiki/Aichtal
Baden-Württemberg,BW,Albstadt,/wiki/Albstadt
Baden-Württemberg,BW,Alpirsbach,/wiki/Alpirsbach
Baden-Württemberg,BW,Altensteig,/wiki/Altensteig
Baden-Württemberg,BW,Asperg,/wiki/Asperg
Baden-Württemberg,BW,Aulendorf,/wiki/Aulendorf
Baden-Württemberg,BW,Backnang,/wiki/Backnang
Baden-Württemberg,BW,Bad Buchau,/wiki/Bad_Buchau
Baden-Württemberg,BW,Bad Dürrheim,/wiki/Bad_D%C3%BCrrheim
Baden-Württemberg,BW,Baden-Baden,/wiki/Baden-Baden
Baden-Württemberg,BW,Bad Friedrichshall,/wiki/Bad_Friedrichshall
Baden-Württemberg,BW,Bad Herrenalb,/wiki/Bad_Herrenalb
Baden-Württemberg,BW,Bad Krozingen,/wiki/Bad_Krozingen
Baden-Württemberg,BW,Bad Liebenzell,/wiki/Bad_Liebenzell
Baden-Württemberg,BW,Bad Mergentheim,/wiki/Bad_Mergentheim
Baden-Württemberg,BW,Bad Rappenau,/wiki/Bad_Rappenau
Baden-Württemberg,BW,Bad Säckingen,/wiki/Bad_S%C3%A4ckingen
Baden-Württemberg,BW,Bad Saulgau,/wiki/Bad_Saulgau
Baden-Württemberg,BW,Bad Schussenried,/wiki/Bad_Schussenried
Baden-Württemberg,BW,Bad Teinach-Zavelstein,/wiki/Bad_Teinach-Zavelstein
Baden-Württemberg,BW,Bad Urach,/wiki/Bad_Urach
Baden-Württemberg,BW,Bad Waldsee,/wiki/Bad_Waldsee
Baden-Württemberg,BW,Bad Wildbad,/wiki/Bad_Wildbad
Baden-Württemberg,BW,Bad Wimpfen,/wiki/Bad_Wimpfen
Baden-Württemberg,BW,Bad Wurzach,/wiki/Bad_Wurzach
Baden-Württemberg,BW,Balingen,/wiki/Balingen
Baden-Württemberg,BW,Beilstein,/wiki/Beilstein_(W%C3%BCrttemberg)
Baden-Württemberg,BW,Besigheim,/wiki/Besigheim
Baden-Württemberg,BW,Biberach an der Riß,/wiki/Biberach_an_der_Ri%C3%9F
Baden-Württemberg,BW,Bietigheim-Bissingen,/wiki/Bietigheim-Bissingen
Baden-Württemberg,BW,Blaubeuren,/wiki/Blaubeuren
Baden-Württemberg,BW,Blaustein,/wiki/Blaustein
Baden-Württemberg,BW,Blumberg,/wiki/Blumberg
Baden-Württemberg,BW,Böblingen,/wiki/B%C3%B6blingen
Baden-Württemberg,BW,Bonndorf im Schwarzwald,/wiki/Bonndorf_im_Schwarzwald
Baden-Württemberg,BW,Bönnigheim,/wiki/B%C3%B6nnigheim
Baden-Württemberg,BW,Bopfingen,/wiki/Bopfingen
Baden-Württemberg,BW,Boxberg,/wiki/Boxberg_(Baden)
Baden-Württemberg,BW,Brackenheim,/wiki/Brackenheim
Baden-Württemberg,BW,Bräunlingen,/wiki/Br%C3%A4unlingen
Baden-Württemberg,BW,Breisach am Rhein,/wiki/Breisach_am_Rhein
Baden-Württemberg,BW,Bretten,/wiki/Bretten
Baden-Württemberg,BW,Bruchsal,/wiki/Bruchsal
Baden-Württemberg,BW,Buchen,/wiki/Buchen_(Odenwald)
Baden-Württemberg,BW,Bühl,/wiki/B%C3%BChl
Baden-Württemberg,BW,Burladingen,/wiki/Burladingen
Baden-Württemberg,BW,Calw,/wiki/Calw
Baden-Württemberg,BW,Crailsheim,/wiki/Crailsheim
Baden-Württemberg,BW,Creglingen,/wiki/Creglingen
Baden-Württemberg,BW,Dietenheim,/wiki/Dietenheim
Baden-Württemberg,BW,Ditzingen,/wiki/Ditzingen
Baden-Württemberg,BW,Donaueschingen,/wiki/Donaueschingen
Baden-Württemberg,BW,Donzdorf,/wiki/Donzdorf
Baden-Württemberg,BW,Dornhan,/wiki/Dornhan
Baden-Württemberg,BW,Dornstetten,/wiki/Dornstetten
Baden-Württemberg,BW,Eberbach,/wiki/Eberbach
Baden-Württemberg,BW,Ebersbach an der Fils,/wiki/Ebersbach_an_der_Fils
Baden-Württemberg,BW,Ehingen,/wiki/Ehingen_(Donau)
Baden-Württemberg,BW,Eislingen,/wiki/Eislingen/Fils
Baden-Württemberg,BW,Ellwangen,/wiki/Ellwangen_(Jagst)
Baden-Württemberg,BW,Elzach,/wiki/Elzach
Baden-Württemberg,BW,Emmendingen,/wiki/Emmendingen
Baden-Württemberg,BW,Endingen am Kaiserstuhl,/wiki/Endingen_am_Kaiserstuhl
Baden-Württemberg,BW,Engen,/wiki/Engen
Baden-Württemberg,BW,Eppelheim,/wiki/Eppelheim
Baden-Württemberg,BW,Eppingen,/wiki/Eppingen
Baden-Württemberg,BW,Erbach,/wiki/Erbach_(Donau)
Baden-Württemberg,BW,Esslingen am Neckar,/wiki/Esslingen_am_Neckar
Baden-Württemberg,BW,Ettenheim,/wiki/Ettenheim
Baden-Württemberg,BW,Ettlingen,/wiki/Ettlingen
Baden-Württemberg,BW,Fellbach,/wiki/Fellbach
Baden-Württemberg,BW,Filderstadt,/wiki/Filderstadt
Baden-Württemberg,BW,Forchtenberg,/wiki/Forchtenberg
Baden-Württemberg,BW,Freiberg am Neckar,/wiki/Freiberg_am_Neckar
Baden-Württemberg,BW,Freiburg im Breisgau,/wiki/Freiburg_im_Breisgau
Baden-Württemberg,BW,Freudenberg,/wiki/Freudenberg_(Baden)
Baden-Württemberg,BW,Freudenstadt,/wiki/Freudenstadt
Baden-Württemberg,BW,Fridingen an der Donau,/wiki/Fridingen_an_der_Donau
Baden-Württemberg,BW,Friedrichshafen,/wiki/Friedrichshafen
Baden-Württemberg,BW,Furtwangen im Schwarzwald,/wiki/Furtwangen_im_Schwarzwald
Baden-Württemberg,BW,Gaggenau,/wiki/Gaggenau
Baden-Württemberg,BW,Gaildorf,/wiki/Gaildorf
Baden-Württemberg,BW,Gammertingen,/wiki/Gammertingen
Baden-Württemberg,BW,Geisingen,/wiki/Geisingen
Baden-Württemberg,BW,Geislingen,/wiki/Geislingen_(Zollernalbkreis)
Baden-Württemberg,BW,Geislingen an der Steige,/wiki/Geislingen_an_der_Steige
Baden-Württemberg,BW,Gengenbach,/wiki/Gengenbach
Baden-Württemberg,BW,Gerabronn,/wiki/Gerabronn
Baden-Württemberg,BW,Gerlingen,/wiki/Gerlingen
Baden-Württemberg,BW,Gernsbach,/wiki/Gernsbach
Baden-Württemberg,BW,Giengen an der Brenz,/wiki/Giengen_an_der_Brenz
Baden-Württemberg,BW,Göppingen,/wiki/G%C3%B6ppingen
Baden-Württemberg,BW,Großbottwar,/wiki/Gro%C3%9Fbottwar
Baden-Württemberg,BW,Grünsfeld,/wiki/Gr%C3%BCnsfeld
Baden-Württemberg,BW,Güglingen,/wiki/G%C3%BCglingen
Baden-Württemberg,BW,Gundelsheim,/wiki/Gundelsheim_(W%C3%BCrttemberg)
Baden-Württemberg,BW,Haigerloch,/wiki/Haigerloch
Baden-Württemberg,BW,Haiterbach,/wiki/Haiterbach
Baden-Württemberg,BW,Haslach im Kinzigtal,/wiki/Haslach_im_Kinzigtal
Baden-Württemberg,BW,Hausach,/wiki/Hausach
Baden-Württemberg,BW,Hayingen,/wiki/Hayingen
Baden-Württemberg,BW,Hechingen,/wiki/Hechingen
Baden-Württemberg,BW,Heidelberg,/wiki/Heidelberg
Baden-Württemberg,BW,Heidenheim an der Brenz,/wiki/Heidenheim_an_der_Brenz
Baden-Württemberg,BW,Heilbronn,/wiki/Heilbronn
Baden-Württemberg,BW,Heimsheim,/wiki/Heimsheim
Baden-Württemberg,BW,Heitersheim,/wiki/Heitersheim
Baden-Württemberg,BW,Hemsbach,/wiki/Hemsbach
Baden-Württemberg,BW,Herbolzheim,/wiki/Herbolzheim
Baden-Württemberg,BW,Herbrechtingen,/wiki/Herbrechtingen
Baden-Württemberg,BW,Herrenberg,/wiki/Herrenberg
Baden-Württemberg,BW,Hettingen,/wiki/Hettingen
Baden-Württemberg,BW,Heubach,/wiki/Heubach
Baden-Württemberg,BW,Hockenheim,/wiki/Hockenheim
Baden-Württemberg,BW,Holzgerlingen,/wiki/Holzgerlingen
Baden-Württemberg,BW,Horb am Neckar,/wiki/Horb_am_Neckar
Baden-Württemberg,BW,Hornberg,/wiki/Hornberg
Baden-Württemberg,BW,Hüfingen,/wiki/H%C3%BCfingen
Baden-Württemberg,BW,Ilshofen,/wiki/Ilshofen
Baden-Württemberg,BW,Ingelfingen,/wiki/Ingelfingen
Baden-Württemberg,BW,Isny im Allgäu,/wiki/Isny_im_Allg%C3%A4u
Baden-Württemberg,BW,Kandern,/wiki/Kandern
Baden-Württemberg,BW,Karlsruhe,/wiki/Karlsruhe
Baden-Württemberg,BW,Kehl,/wiki/Kehl
Baden-Württemberg,BW,Kenzingen,/wiki/Kenzingen
Baden-Württemberg,BW,Kirchberg an der Jagst,/wiki/Kirchberg_an_der_Jagst
Baden-Württemberg,BW,Kirchheim unter Teck,/wiki/Kirchheim_unter_Teck
Baden-Württemberg,BW,Knittlingen,/wiki/Knittlingen
Baden-Württemberg,BW,Konstanz,/wiki/Konstanz
Baden-Württemberg,BW,Korntal-Münchingen,/wiki/Korntal-M%C3%BCnchingen
Baden-Württemberg,BW,Kornwestheim,/wiki/Kornwestheim
Baden-Württemberg,BW,Kraichtal,/wiki/Kraichtal
Baden-Württemberg,BW,Krautheim,/wiki/Krautheim_(Jagst)
Baden-Württemberg,BW,Külsheim,/wiki/K%C3%BClsheim
Baden-Württemberg,BW,Künzelsau,/wiki/K%C3%BCnzelsau
Baden-Württemberg,BW,Kuppenheim,/wiki/Kuppenheim
Baden-Württemberg,BW,Ladenburg,/wiki/Ladenburg
Baden-Württemberg,BW,Lahr,/wiki/Lahr/Schwarzwald
Baden-Württemberg,BW,Laichingen,/wiki/Laichingen
Baden-Württemberg,BW,Langenau,/wiki/Langenau
Baden-Württemberg,BW,Langenburg,/wiki/Langenburg
Baden-Württemberg,BW,Lauchheim,/wiki/Lauchheim
Baden-Württemberg,BW,Lauda-Königshofen,/wiki/Lauda-K%C3%B6nigshofen
Baden-Württemberg,BW,Laufenburg,/wiki/Laufenburg_(Baden)
Baden-Württemberg,BW,Lauffen am Neckar,/wiki/Lauffen_am_Neckar
Baden-Württemberg,BW,Laupheim,/wiki/Laupheim
Baden-Württemberg,BW,Lauterstein,/wiki/Lauterstein
Baden-Württemberg,BW,Leimen,/wiki/Leimen_(Baden)
Baden-Württemberg,BW,Leinfelden-Echterdingen,/wiki/Leinfelden-Echterdingen
Baden-Württemberg,BW,Leingarten,/wiki/Leingarten
Baden-Württemberg,BW,Leonberg,/wiki/Leonberg
Baden-Württemberg,BW,Leutkirch im Allgäu,/wiki/Leutkirch_im_Allg%C3%A4u
Baden-Württemberg,BW,Lichtenau,/wiki/Lichtenau_(Baden)
Baden-Württemberg,BW,Löffingen,/wiki/L%C3%B6ffingen
Baden-Württemberg,BW,Lorch,/wiki/Lorch_(W%C3%BCrttemberg)
Baden-Württemberg,BW,Lörrach,/wiki/L%C3%B6rrach
Baden-Württemberg,BW,Löwenstein,/wiki/L%C3%B6wenstein
Baden-Württemberg,BW,Ludwigsburg,/wiki/Ludwigsburg
Baden-Württemberg,BW,Mahlberg,/wiki/Mahlberg
Baden-Württemberg,BW,Mannheim,/wiki/Mannheim
Baden-Württemberg,BW,Marbach am Neckar,/wiki/Marbach_am_Neckar
Baden-Württemberg,BW,Markdorf,/wiki/Markdorf
Baden-Württemberg,BW,Markgröningen,/wiki/Markgr%C3%B6ningen
Baden-Württemberg,BW,Maulbronn,/wiki/Maulbronn
Baden-Württemberg,BW,Meersburg,/wiki/Meersburg
Baden-Württemberg,BW,Mengen,/wiki/Mengen
Baden-Württemberg,BW,Meßkirch,/wiki/Me%C3%9Fkirch
Baden-Württemberg,BW,Meßstetten,/wiki/Me%C3%9Fstetten
Baden-Württemberg,BW,Metzingen,/wiki/Metzingen
Baden-Württemberg,BW,Möckmühl,/wiki/M%C3%B6ckm%C3%BChl
Baden-Württemberg,BW,Mosbach,/wiki/Mosbach
Baden-Württemberg,BW,Mössingen,/wiki/M%C3%B6ssingen
Baden-Württemberg,BW,Mühlacker,/wiki/M%C3%BChlacker
Baden-Württemberg,BW,Mühlheim an der Donau,/wiki/M%C3%BChlheim_an_der_Donau
Baden-Württemberg,BW,Müllheim im Markgräflerland,/wiki/M%C3%BCllheim_im_Markgr%C3%A4flerland
Baden-Württemberg,BW,Munderkingen,/wiki/Munderkingen
Baden-Württemberg,BW,Münsingen,/wiki/M%C3%BCnsingen_(W%C3%BCrttemberg)
Baden-Württemberg,BW,Murrhardt,/wiki/Murrhardt
Baden-Württemberg,BW,Nagold,/wiki/Nagold
Baden-Württemberg,BW,Neckarbischofsheim,/wiki/Neckarbischofsheim
Baden-Württemberg,BW,Neckargemünd,/wiki/Neckargem%C3%BCnd
Baden-Württemberg,BW,Neckarsulm,/wiki/Neckarsulm
Baden-Württemberg,BW,Neresheim,/wiki/Neresheim
Baden-Württemberg,BW,Neubulach,/wiki/Neubulach
Baden-Württemberg,BW,Neudenau,/wiki/Neudenau
Baden-Württemberg,BW,Neuenbürg,/wiki/Neuenb%C3%BCrg
Baden-Württemberg,BW,Neuenburg am Rhein,/wiki/Neuenburg_am_Rhein
Baden-Württemberg,BW,Neuenstadt am Kocher,/wiki/Neuenstadt_am_Kocher
Baden-Württemberg,BW,Neuenstein,/wiki/Neuenstein_(Hohenlohe)
Baden-Württemberg,BW,Neuffen,/wiki/Neuffen
Baden-Württemberg,BW,Niedernhall,/wiki/Niedernhall
Baden-Württemberg,BW,Niederstetten,/wiki/Niederstetten
Baden-Württemberg,BW,Niederstotzingen,/wiki/Niederstotzingen
Baden-Württemberg,BW,Nürtingen,/wiki/N%C3%BCrtingen
Baden-Württemberg,BW,Oberderdingen,/wiki/Oberderdingen
Baden-Württemberg,BW,Oberkirch,/wiki/Oberkirch_(Baden)
Baden-Württemberg,BW,Oberkochen,/wiki/Oberkochen
Baden-Württemberg,BW,Oberndorf am Neckar,/wiki/Oberndorf_am_Neckar
Baden-Württemberg,BW,Oberriexingen,/wiki/Oberriexingen
Baden-Württemberg,BW,Ochsenhausen,/wiki/Ochsenhausen
Baden-Württemberg,BW,Offenburg,/wiki/Offenburg
Baden-Württemberg,BW,Öhringen,/wiki/%C3%96hringen
Baden-Württemberg,BW,Oppenau,/wiki/Oppenau
Baden-Württemberg,BW,Osterburken,/wiki/Osterburken
Baden-Württemberg,BW,Ostfildern,/wiki/Ostfildern
Baden-Württemberg,BW,Östringen,/wiki/%C3%96stringen
Baden-Württemberg,BW,Owen,/wiki/Owen
Baden-Württemberg,BW,Pforzheim,/wiki/Pforzheim
Baden-Württemberg,BW,Pfullendorf,/wiki/Pfullendorf
Baden-Württemberg,BW,Pfullingen,/wiki/Pfullingen
Baden-Württemberg,BW,Philippsburg,/wiki/Philippsburg
Baden-Württemberg,BW,Plochingen,/wiki/Plochingen
Baden-Württemberg,BW,Radolfzell am Bodensee,/wiki/Radolfzell_am_Bodensee
Baden-Württemberg,BW,Rastatt,/wiki/Rastatt
Baden-Württemberg,BW,Rauenberg,/wiki/Rauenberg
Baden-Württemberg,BW,Ravensburg,/wiki/Ravensburg
Baden-Württemberg,BW,Ravenstein,/wiki/Ravenstein
Baden-Württemberg,BW,Remseck am Neckar,/wiki/Remseck_am_Neckar
Baden-Württemberg,BW,Renchen,/wiki/Renchen
Baden-Württemberg,BW,Renningen,/wiki/Renningen
Baden-Württemberg,BW,Reutlingen,/wiki/Reutlingen
Baden-Württemberg,BW,Rheinau,/wiki/Rheinau_(Baden)
Baden-Württemberg,BW,Rheinfelden,/wiki/Rheinfelden_(Baden)
Baden-Württemberg,BW,Rheinstetten,/wiki/Rheinstetten
Baden-Württemberg,BW,Riedlingen,/wiki/Riedlingen
Baden-Württemberg,BW,Rosenfeld,/wiki/Rosenfeld
Baden-Württemberg,BW,Rottenburg am Neckar,/wiki/Rottenburg_am_Neckar
Baden-Württemberg,BW,Rottweil,/wiki/Rottweil
Baden-Württemberg,BW,Rutesheim,/wiki/Rutesheim
Baden-Württemberg,BW,Sachsenheim,/wiki/Sachsenheim
Baden-Württemberg,BW,Scheer,/wiki/Scheer
Baden-Württemberg,BW,Schelklingen,/wiki/Schelklingen
Baden-Württemberg,BW,Schiltach,/wiki/Schiltach
Baden-Württemberg,BW,Schömberg,/wiki/Sch%C3%B6mberg_(Zollernalbkreis)
Baden-Württemberg,BW,Schönau,/wiki/Sch%C3%B6nau_(Odenwald)
Baden-Württemberg,BW,Schönau im Schwarzwald,/wiki/Sch%C3%B6nau_im_Schwarzwald
Baden-Württemberg,BW,Schopfheim,/wiki/Schopfheim
Baden-Württemberg,BW,Schorndorf,/wiki/Schorndorf
Baden-Württemberg,BW,Schramberg,/wiki/Schramberg
Baden-Württemberg,BW,Schriesheim,/wiki/Schriesheim
Baden-Württemberg,BW,Schrozberg,/wiki/Schrozberg
Baden-Württemberg,BW,Schwäbisch Gmünd,/wiki/Schw%C3%A4bisch_Gm%C3%BCnd
Baden-Württemberg,BW,Schwäbisch Hall,/wiki/Schw%C3%A4bisch_Hall
Baden-Württemberg,BW,Schwaigern,/wiki/Schwaigern
Baden-Württemberg,BW,Schwetzingen,/wiki/Schwetzingen
Baden-Württemberg,BW,Sigmaringen,/wiki/Sigmaringen
Baden-Württemberg,BW,Sindelfingen,/wiki/Sindelfingen
Baden-Württemberg,BW,Singen,/wiki/Singen_(Hohentwiel)
Baden-Württemberg,BW,Sinsheim,/wiki/Sinsheim
Baden-Württemberg,BW,Spaichingen,/wiki/Spaichingen
Baden-Württemberg,BW,Staufen im Breisgau,/wiki/Staufen_im_Breisgau
Baden-Württemberg,BW,St. Blasien,/wiki/St._Blasien
Baden-Württemberg,BW,Steinheim an der Murr,/wiki/Steinheim_an_der_Murr
Baden-Württemberg,BW,St. Georgen im Schwarzwald,/wiki/St._Georgen_im_Schwarzwald
Baden-Württemberg,BW,Stockach,/wiki/Stockach
Baden-Württemberg,BW,Stühlingen,/wiki/St%C3%BChlingen
Baden-Württemberg,BW,Stutensee,/wiki/Stutensee
Baden-Württemberg,BW,Stuttgart,/wiki/Stuttgart
Baden-Württemberg,BW,Sulz am Neckar,/wiki/Sulz_am_Neckar
Baden-Württemberg,BW,Sulzburg,/wiki/Sulzburg
Baden-Württemberg,BW,Süßen,/wiki/S%C3%BC%C3%9Fen
Baden-Württemberg,BW,Tamm,/wiki/Tamm
Baden-Württemberg,BW,Tauberbischofsheim,/wiki/Tauberbischofsheim
Baden-Württemberg,BW,Tengen,/wiki/Tengen
Baden-Württemberg,BW,Tettnang,/wiki/Tettnang
Baden-Württemberg,BW,Titisee-Neustadt,/wiki/Titisee-Neustadt
Baden-Württemberg,BW,Todtnau,/wiki/Todtnau
Baden-Württemberg,BW,Triberg im Schwarzwald,/wiki/Triberg_im_Schwarzwald
Baden-Württemberg,BW,Trochtelfingen,/wiki/Trochtelfingen
Baden-Württemberg,BW,Trossingen,/wiki/Trossingen
Baden-Württemberg,BW,Tübingen,/wiki/T%C3%BCbingen
Baden-Württemberg,BW,Tuttlingen,/wiki/Tuttlingen
Baden-Württemberg,BW,Überlingen,/wiki/%C3%9Cberlingen
Baden-Württemberg,BW,Uhingen,/wiki/Uhingen
Baden-Württemberg,BW,Ulm,/wiki/Ulm
Baden-Württemberg,BW,Vaihingen an der Enz,/wiki/Vaihingen_an_der_Enz
Baden-Württemberg,BW,Vellberg,/wiki/Vellberg
Baden-Württemberg,BW,Veringenstadt,/wiki/Veringenstadt
Baden-Württemberg,BW,Villingen-Schwenningen,/wiki/Villingen-Schwenningen
Baden-Württemberg,BW,Vogtsburg im Kaiserstuhl,/wiki/Vogtsburg_im_Kaiserstuhl
Baden-Württemberg,BW,Vöhrenbach,/wiki/V%C3%B6hrenbach
Baden-Württemberg,BW,Waghäusel,/wiki/Wagh%C3%A4usel
Baden-Württemberg,BW,Waiblingen,/wiki/Waiblingen
Baden-Württemberg,BW,Waibstadt,/wiki/Waibstadt
Baden-Württemberg,BW,Waldenbuch,/wiki/Waldenbuch
Baden-Württemberg,BW,Waldenburg,/wiki/Waldenburg_(W%C3%BCrttemberg)
Baden-Württemberg,BW,Waldkirch,/wiki/Waldkirch
Baden-Württemberg,BW,Waldshut-Tiengen,/wiki/Waldshut-Tiengen
Baden-Württemberg,BW,Walldorf,/wiki/Walldorf
Baden-Württemberg,BW,Walldürn,/wiki/Walld%C3%BCrn
Baden-Württemberg,BW,Wangen im Allgäu,/wiki/Wangen_im_Allg%C3%A4u
Baden-Württemberg,BW,Wehr,/wiki/Wehr_(Baden)
Baden-Württemberg,BW,Weikersheim,/wiki/Weikersheim
Baden-Württemberg,BW,Weil am Rhein,/wiki/Weil_am_Rhein
Baden-Württemberg,BW,Weil der Stadt,/wiki/Weil_der_Stadt
Baden-Württemberg,BW,Weilheim an der Teck,/wiki/Weilheim_an_der_Teck
Baden-Württemberg,BW,Weingarten,/wiki/Weingarten_(W%C3%BCrttemberg)
Baden-Württemberg,BW,Weinheim,/wiki/Weinheim
Baden-Württemberg,BW,Weinsberg,/wiki/Weinsberg
Baden-Württemberg,BW,Weinstadt,/wiki/Weinstadt
Baden-Württemberg,BW,Welzheim,/wiki/Welzheim
Baden-Württemberg,BW,Wendlingen am Neckar,/wiki/Wendlingen_am_Neckar
Baden-Württemberg,BW,Wernau,/wiki/Wernau_(Neckar)
Baden-Württemberg,BW,Wertheim,/wiki/Wertheim
Baden-Württemberg,BW,Widdern,/wiki/Widdern
Baden-Württemberg,BW,Wiesensteig,/wiki/Wiesensteig
Baden-Württemberg,BW,Wiesloch,/wiki/Wiesloch
Baden-Württemberg,BW,Wildberg,/wiki/Wildberg_(Schwarzwald)
Baden-Württemberg,BW,Winnenden,/wiki/Winnenden
Baden-Württemberg,BW,Wolfach,/wiki/Wolfach
Baden-Württemberg,BW,Zell am Harmersbach,/wiki/Zell_am_Harmersbach
Baden-Württemberg,BW,Zell im Wiesental,/wiki/Zell_im_Wiesental
Nordrhein-Westfalen,NW,Aachen,/wiki/Aachen
Nordrhein-Westfalen,NW,Ahaus,/wiki/Ahaus
Nordrhein-Westfalen,NW,Ahlen,/wiki/Ahlen
Nordrhein-Westfalen,NW,Alsdorf,/wiki/Alsdorf
Nordrhein-Westfalen,NW,Altena,/wiki/Altena
Nordrhein-Westfalen,NW,Arnsberg,/wiki/Arnsberg
Nordrhein-Westfalen,NW,Attendorn,/wiki/Attendorn
Nordrhein-Westfalen,NW,Bad Berleburg,/wiki/Bad_Berleburg
Nordrhein-Westfalen,NW,Bad Driburg,/wiki/Bad_Driburg
Nordrhein-Westfalen,NW,Bad Honnef,/wiki/Bad_Honnef
Nordrhein-Westfalen,NW,Bad Laasphe,/wiki/Bad_Laasphe
Nordrhein-Westfalen,NW,Bad Lippspringe,/wiki/Bad_Lippspringe
Nordrhein-Westfalen,NW,Bad Münstereifel,/wiki/Bad_M%C3%BCnstereifel
Nordrhein-Westfalen,NW,Bad Oeynhausen,/wiki/Bad_Oeynhausen
Nordrhein-Westfalen,NW,Bad Salzuflen,/wiki/Bad_Salzuflen
Nordrhein-Westfalen,NW,Bad Wünnenberg,/wiki/Bad_W%C3%BCnnenberg
Nordrhein-Westfalen,NW,Baesweiler,/wiki/Baesweiler
Nordrhein-Westfalen,NW,Balve,/wiki/Balve
Nordrhein-Westfalen,NW,Barntrup,/wiki/Barntrup
Nordrhein-Westfalen,NW,Beckum,/wiki/Beckum
Nordrhein-Westfalen,NW,Bedburg,/wiki/Bedburg
Nordrhein-Westfalen,NW,Bergheim,/wiki/Bergheim
Nordrhein-Westfalen,NW,Bergisch Gladbach,/wiki/Bergisch_Gladbach
Nordrhein-Westfalen,NW,Bergkamen,/wiki/Bergkamen
Nordrhein-Westfalen,NW,Bergneustadt,/wiki/Bergneustadt
Nordrhein-Westfalen,NW,Beverungen,/wiki/Beverungen
Nordrhein-Westfalen,NW,Bielefeld,/wiki/Bielefeld
Nordrhein-Westfalen,NW,Billerbeck,/wiki/Billerbeck
Nordrhein-Westfalen,NW,Blomberg,/wiki/Blomberg
Nordrhein-Westfalen,NW,Bocholt,/wiki/Bocholt
Nordrhein-Westfalen,NW,Bochum,/wiki/Bochum
Nordrhein-Westfalen,NW,Bonn,/wiki/Bonn
Nordrhein-Westfalen,NW,Borgentreich,/wiki/Borgentreich
Nordrhein-Westfalen,NW,Borgholzhausen,/wiki/Borgholzhausen
Nordrhein-Westfalen,NW,Borken,/wiki/Borken
Nordrhein-Westfalen,NW,Bornheim,/wiki/Bornheim_(Rheinland)
Nordrhein-Westfalen,NW,Bottrop,/wiki/Bottrop
Nordrhein-Westfalen,NW,Brakel,/wiki/Brakel
Nordrhein-Westfalen,NW,Breckerfeld,/wiki/Breckerfeld
Nordrhein-Westfalen,NW,Brilon,/wiki/Brilon
Nordrhein-Westfalen,NW,Brühl,/wiki/Br%C3%BChl_(Rheinland)
Nordrhein-Westfalen,NW,Bünde,/wiki/B%C3%BCnde
Nordrhein-Westfalen,NW,Büren,/wiki/B%C3%BCren_(Westfalen)
Nordrhein-Westfalen,NW,Burscheid,/wiki/Burscheid
Nordrhein-Westfalen,NW,Castrop-Rauxel,/wiki/Castrop-Rauxel
Nordrhein-Westfalen,NW,Coesfeld,/wiki/Coesfeld
Nordrhein-Westfalen,NW,Datteln,/wiki/Datteln
Nordrhein-Westfalen,NW,Delbrück,/wiki/Delbr%C3%BCck
Nordrhein-Westfalen,NW,Detmold,/wiki/Detmold
Nordrhein-Westfalen,NW,Dinslaken,/wiki/Dinslaken
Nordrhein-Westfalen,NW,Dormagen,/wiki/Dormagen
Nordrhein-Westfalen,NW,Dorsten,/wiki/Dorsten
Nordrhein-Westfalen,NW,Dortmund,/wiki/Dortmund
Nordrhein-Westfalen,NW,Drensteinfurt,/wiki/Drensteinfurt
Nordrhein-Westfalen,NW,Drolshagen,/wiki/Drolshagen
Nordrhein-Westfalen,NW,Duisburg,/wiki/Duisburg
Nordrhein-Westfalen,NW,Dülmen,/wiki/D%C3%BClmen
Nordrhein-Westfalen,NW,Düren,/wiki/D%C3%BCren
Nordrhein-Westfalen,NW,Düsseldorf,/wiki/D%C3%BCsseldorf
Nordrhein-Westfalen,NW,Elsdorf,/wiki/Elsdorf_(Rheinland)
Nordrhein-Westfalen,NW,Emmerich am Rhein,/wiki/Emmerich_am_Rhein
Nordrhein-Westfalen,NW,Emsdetten,/wiki/Emsdetten
Nordrhein-Westfalen,NW,Enger,/wiki/Enger
Nordrhein-Westfalen,NW,Ennepetal,/wiki/Ennepetal
Nordrhein-Westfalen,NW,Ennigerloh,/wiki/Ennigerloh
Nordrhein-Westfalen,NW,Erftstadt,/wiki/Erftstadt
Nordrhein-Westfalen,NW,Erkelenz,/wiki/Erkelenz
Nordrhein-Westfalen,NW,Erkrath,/wiki/Erkrath
Nordrhein-Westfalen,NW,Erwitte,/wiki/Erwitte
Nordrhein-Westfalen,NW,Eschweiler,/wiki/Eschweiler
Nordrhein-Westfalen,NW,Espelkamp,/wiki/Espelkamp
Nordrhein-Westfalen,NW,Essen,/wiki/Essen
Nordrhein-Westfalen,NW,Euskirchen,/wiki/Euskirchen
Nordrhein-Westfalen,NW,Frechen,/wiki/Frechen
Nordrhein-Westfalen,NW,Freudenberg,/wiki/Freudenberg_(Siegerland)
Nordrhein-Westfalen,NW,Fröndenberg,/wiki/Fr%C3%B6ndenberg/Ruhr
Nordrhein-Westfalen,NW,Geilenkirchen,/wiki/Geilenkirchen
Nordrhein-Westfalen,NW,Geldern,/wiki/Geldern
Nordrhein-Westfalen,NW,Gelsenkirchen,/wiki/Gelsenkirchen
Nordrhein-Westfalen,NW,Gescher,/wiki/Gescher
Nordrhein-Westfalen,NW,Geseke,/wiki/Geseke
Nordrhein-Westfalen,NW,Gevelsberg,/wiki/Gevelsberg
Nordrhein-Westfalen,NW,Gladbeck,/wiki/Gladbeck
Nordrhein-Westfalen,NW,Goch,/wiki/Goch
Nordrhein-Westfalen,NW,Greven,/wiki/Greven
Nordrhein-Westfalen,NW,Grevenbroich,/wiki/Grevenbroich
Nordrhein-Westfalen,NW,Gronau,/wiki/Gronau_(Westf.)
Nordrhein-Westfalen,NW,Gummersbach,/wiki/Gummersbach
Nordrhein-Westfalen,NW,Gütersloh,/wiki/G%C3%BCtersloh
Nordrhein-Westfalen,NW,Haan,/wiki/Haan
Nordrhein-Westfalen,NW,Hagen,/wiki/Hagen
Nordrhein-Westfalen,NW,Halle,/wiki/Halle_(Westf.)
Nordrhein-Westfalen,NW,Hallenberg,/wiki/Hallenberg
Nordrhein-Westfalen,NW,Haltern am See,/wiki/Haltern_am_See
Nordrhein-Westfalen,NW,Halver,/wiki/Halver
Nordrhein-Westfalen,NW,Hamm,/wiki/Hamm
Nordrhein-Westfalen,NW,Hamminkeln,/wiki/Hamminkeln
Nordrhein-Westfalen,NW,Harsewinkel,/wiki/Harsewinkel
Nordrhein-Westfalen,NW,Hattingen,/wiki/Hattingen
Nordrhein-Westfalen,NW,Heiligenhaus,/wiki/Heiligenhaus
Nordrhein-Westfalen,NW,Heimbach,/wiki/Heimbach_(Eifel)
Nordrhein-Westfalen,NW,Heinsberg,/wiki/Heinsberg
Nordrhein-Westfalen,NW,Hemer,/wiki/Hemer
Nordrhein-Westfalen,NW,Hennef,/wiki/Hennef_(Sieg)
Nordrhein-Westfalen,NW,Herdecke,/wiki/Herdecke
Nordrhein-Westfalen,NW,Herford,/wiki/Herford
Nordrhein-Westfalen,NW,Herne,/wiki/Herne
Nordrhein-Westfalen,NW,Herten,/wiki/Herten
Nordrhein-Westfalen,NW,Herzogenrath,/wiki/Herzogenrath
Nordrhein-Westfalen,NW,Hilchenbach,/wiki/Hilchenbach
Nordrhein-Westfalen,NW,Hilden,/wiki/Hilden
Nordrhein-Westfalen,NW,Horn-Bad Meinberg,/wiki/Horn-Bad_Meinberg
Nordrhein-Westfalen,NW,Hörstel,/wiki/H%C3%B6rstel
Nordrhein-Westfalen,NW,Horstmar,/wiki/Horstmar
Nordrhein-Westfalen,NW,Höxter,/wiki/H%C3%B6xter
Nordrhein-Westfalen,NW,Hückelhoven,/wiki/H%C3%BCckelhoven
Nordrhein-Westfalen,NW,Hückeswagen,/wiki/H%C3%BCckeswagen
Nordrhein-Westfalen,NW,Hürth,/wiki/H%C3%BCrth
Nordrhein-Westfalen,NW,Ibbenbüren,/wiki/Ibbenb%C3%BCren
Nordrhein-Westfalen,NW,Iserlohn,/wiki/Iserlohn
Nordrhein-Westfalen,NW,Isselburg,/wiki/Isselburg
Nordrhein-Westfalen,NW,Jüchen,/wiki/J%C3%BCchen
Nordrhein-Westfalen,NW,Jülich,/wiki/J%C3%BClich
Nordrhein-Westfalen,NW,Kaarst,/wiki/Kaarst
Nordrhein-Westfalen,NW,Kalkar,/wiki/Kalkar
Nordrhein-Westfalen,NW,Kamen,/wiki/Kamen
Nordrhein-Westfalen,NW,Kamp-Lintfort,/wiki/Kamp-Lintfort
Nordrhein-Westfalen,NW,Kempen,/wiki/Kempen
Nordrhein-Westfalen,NW,Kerpen,/wiki/Kerpen
Nordrhein-Westfalen,NW,Kevelaer,/wiki/Kevelaer
Nordrhein-Westfalen,NW,Kierspe,/wiki/Kierspe
Nordrhein-Westfalen,NW,Kleve,/wiki/Kleve
Nordrhein-Westfalen,NW,Köln,/wiki/K%C3%B6ln
Nordrhein-Westfalen,NW,Königswinter,/wiki/K%C3%B6nigswinter
Nordrhein-Westfalen,NW,Korschenbroich,/wiki/Korschenbroich
Nordrhein-Westfalen,NW,Krefeld,/wiki/Krefeld
Nordrhein-Westfalen,NW,Kreuztal,/wiki/Kreuztal
Nordrhein-Westfalen,NW,Lage,/wiki/Lage_(Lippe)
Nordrhein-Westfalen,NW,Langenfeld,/wiki/Langenfeld_(Rheinland)
Nordrhein-Westfalen,NW,Leichlingen,/wiki/Leichlingen_(Rheinland)
Nordrhein-Westfalen,NW,Lemgo,/wiki/Lemgo
Nordrhein-Westfalen,NW,Lengerich,/wiki/Lengerich_(Westfalen)
Nordrhein-Westfalen,NW,Lennestadt,/wiki/Lennestadt
Nordrhein-Westfalen,NW,Leverkusen,/wiki/Leverkusen
Nordrhein-Westfalen,NW,Lichtenau,/wiki/Lichtenau_(Westfalen)
Nordrhein-Westfalen,NW,Linnich,/wiki/Linnich
Nordrhein-Westfalen,NW,Lippstadt,/wiki/Lippstadt
Nordrhein-Westfalen,NW,Lohmar,/wiki/Lohmar
Nordrhein-Westfalen,NW,Löhne,/wiki/L%C3%B6hne
Nordrhein-Westfalen,NW,Lübbecke,/wiki/L%C3%BCbbecke
Nordrhein-Westfalen,NW,Lüdenscheid,/wiki/L%C3%BCdenscheid
Nordrhein-Westfalen,NW,Lüdinghausen,/wiki/L%C3%BCdinghausen
Nordrhein-Westfalen,NW,Lügde,/wiki/L%C3%BCgde
Nordrhein-Westfalen,NW,Lünen,/wiki/L%C3%BCnen
Nordrhein-Westfalen,NW,Marienmünster,/wiki/Marienm%C3%BCnster
Nordrhein-Westfalen,NW,Marl,/wiki/Marl
Nordrhein-Westfalen,NW,Marsberg,/wiki/Marsberg
Nordrhein-Westfalen,NW,Mechernich,/wiki/Mechernich
Nordrhein-Westfalen,NW,Meckenheim,/wiki/Meckenheim_(Rheinland)
Nordrhein-Westfalen,NW,Medebach,/wiki/Medebach
Nordrhein-Westfalen,NW,Meerbusch,/wiki/Meerbusch
Nordrhein-Westfalen,NW,Meinerzhagen,/wiki/Meinerzhagen
Nordrhein-Westfalen,NW,Menden,/wiki/Menden_(Sauerland)
Nordrhein-Westfalen,NW,Meschede,/wiki/Meschede
Nordrhein-Westfalen,NW,Mettmann,/wiki/Mettmann
Nordrhein-Westfalen,NW,Minden,/wiki/Minden
Nordrhein-Westfalen,NW,Moers,/wiki/Moers
Nordrhein-Westfalen,NW,Mönchengladbach,/wiki/M%C3%B6nchengladbach
Nordrhein-Westfalen,NW,Monheim am Rhein,/wiki/Monheim_am_Rhein
Nordrhein-Westfalen,NW,Monschau,/wiki/Monschau
Nordrhein-Westfalen,NW,Mülheim an der Ruhr,/wiki/M%C3%BClheim_an_der_Ruhr
Nordrhein-Westfalen,NW,Münster,/wiki/M%C3%BCnster
Nordrhein-Westfalen,NW,Netphen,/wiki/Netphen
Nordrhein-Westfalen,NW,Nettetal,/wiki/Nettetal
Nordrhein-Westfalen,NW,Neuenrade,/wiki/Neuenrade
Nordrhein-Westfalen,NW,Neukirchen-Vluyn,/wiki/Neukirchen-Vluyn
Nordrhein-Westfalen,NW,Neuss,/wiki/Neuss
Nordrhein-Westfalen,NW,Nideggen,/wiki/Nideggen
Nordrhein-Westfalen,NW,Niederkassel,/wiki/Niederkassel
Nordrhein-Westfalen,NW,Nieheim,/wiki/Nieheim
Nordrhein-Westfalen,NW,Oberhausen,/wiki/Oberhausen
Nordrhein-Westfalen,NW,Ochtrup,/wiki/Ochtrup
Nordrhein-Westfalen,NW,Oelde,/wiki/Oelde
Nordrhein-Westfalen,NW,Oer-Erkenschwick,/wiki/Oer-Erkenschwick
Nordrhein-Westfalen,NW,Oerlinghausen,/wiki/Oerlinghausen
Nordrhein-Westfalen,NW,Olfen,/wiki/Olfen
Nordrhein-Westfalen,NW,Olpe,/wiki/Olpe
Nordrhein-Westfalen,NW,Olsberg,/wiki/Olsberg
Nordrhein-Westfalen,NW,Overath,/wiki/Overath
Nordrhein-Westfalen,NW,Paderborn,/wiki/Paderborn
Nordrhein-Westfalen,NW,Petershagen,/wiki/Petershagen
Nordrhein-Westfalen,NW,Plettenberg,/wiki/Plettenberg
Nordrhein-Westfalen,NW,Porta Westfalica,/wiki/Porta_Westfalica_(Stadt)
Nordrhein-Westfalen,NW,Preußisch Oldendorf,/wiki/Preu%C3%9Fisch_Oldendorf
Nordrhein-Westfalen,NW,Pulheim,/wiki/Pulheim
Nordrhein-Westfalen,NW,Radevormwald,/wiki/Radevormwald
Nordrhein-Westfalen,NW,Rahden,/wiki/Rahden
Nordrhein-Westfalen,NW,Ratingen,/wiki/Ratingen
Nordrhein-Westfalen,NW,Recklinghausen,/wiki/Recklinghausen
Nordrhein-Westfalen,NW,Rees,/wiki/Rees
Nordrhein-Westfalen,NW,Remscheid,/wiki/Remscheid
Nordrhein-Westfalen,NW,Rheda-Wiedenbrück,/wiki/Rheda-Wiedenbr%C3%BCck
Nordrhein-Westfalen,NW,Rhede,/wiki/Rhede
Nordrhein-Westfalen,NW,Rheinbach,/wiki/Rheinbach
Nordrhein-Westfalen,NW,Rheinberg,/wiki/Rheinberg
Nordrhein-Westfalen,NW,Rheine,/wiki/Rheine
Nordrhein-Westfalen,NW,Rietberg,/wiki/Rietberg
Nordrhein-Westfalen,NW,Rösrath,/wiki/R%C3%B6srath
Nordrhein-Westfalen,NW,Rüthen,/wiki/R%C3%BCthen
Nordrhein-Westfalen,NW,Salzkotten,/wiki/Salzkotten
Nordrhein-Westfalen,NW,Sankt Augustin,/wiki/Sankt_Augustin
Nordrhein-Westfalen,NW,Sassenberg,/wiki/Sassenberg
Nordrhein-Westfalen,NW,Schieder-Schwalenberg,/wiki/Schieder-Schwalenberg
Nordrhein-Westfalen,NW,Schleiden,/wiki/Schleiden
Nordrhein-Westfalen,NW,Schloß Holte-Stukenbrock,/wiki/Schlo%C3%9F_Holte-Stukenbrock
Nordrhein-Westfalen,NW,Schmallenberg,/wiki/Schmallenberg
Nordrhein-Westfalen,NW,Schwelm,/wiki/Schwelm
Nordrhein-Westfalen,NW,Schwerte,/wiki/Schwerte
Nordrhein-Westfalen,NW,Selm,/wiki/Selm
Nordrhein-Westfalen,NW,Sendenhorst,/wiki/Sendenhorst
Nordrhein-Westfalen,NW,Siegburg,/wiki/Siegburg
Nordrhein-Westfalen,NW,Siegen,/wiki/Siegen
Nordrhein-Westfalen,NW,Soest,/wiki/Soest
Nordrhein-Westfalen,NW,Solingen,/wiki/Solingen
Nordrhein-Westfalen,NW,Spenge,/wiki/Spenge
Nordrhein-Westfalen,NW,Sprockhövel,/wiki/Sprockh%C3%B6vel
Nordrhein-Westfalen,NW,Stadtlohn,/wiki/Stadtlohn
Nordrhein-Westfalen,NW,Steinfurt,/wiki/Steinfurt
Nordrhein-Westfalen,NW,Steinheim,/wiki/Steinheim_(Westfalen)
Nordrhein-Westfalen,NW,Stolberg,/wiki/Stolberg_(Rheinland)
Nordrhein-Westfalen,NW,Straelen,/wiki/Straelen
Nordrhein-Westfalen,NW,Sundern,/wiki/Sundern_(Sauerland)
Nordrhein-Westfalen,NW,Tecklenburg,/wiki/Tecklenburg
Nordrhein-Westfalen,NW,Telgte,/wiki/Telgte
Nordrhein-Westfalen,NW,Tönisvorst,/wiki/T%C3%B6nisvorst
Nordrhein-Westfalen,NW,Troisdorf,/wiki/Troisdorf
Nordrhein-Westfalen,NW,Übach-Palenberg,/wiki/%C3%9Cbach-Palenberg
Nordrhein-Westfalen,NW,Unna,/wiki/Unna
Nordrhein-Westfalen,NW,Velbert,/wiki/Velbert
Nordrhein-Westfalen,NW,Velen,/wiki/Velen
Nordrhein-Westfalen,NW,Verl,/wiki/Verl
Nordrhein-Westfalen,NW,Versmold,/wiki/Versmold
Nordrhein-Westfalen,NW,Viersen,/wiki/Viersen
Nordrhein-Westfalen,NW,Vlotho,/wiki/Vlotho
Nordrhein-Westfalen,NW,Voerde,/wiki/Voerde_(Niederrhein)
Nordrhein-Westfalen,NW,Vreden,/wiki/Vreden
Nordrhein-Westfalen,NW,Waldbröl,/wiki/Waldbr%C3%B6l
Nordrhein-Westfalen,NW,Waltrop,/wiki/Waltrop
Nordrhein-Westfalen,NW,Warburg,/wiki/Warburg
Nordrhein-Westfalen,NW,Warendorf,/wiki/Warendorf
Nordrhein-Westfalen,NW,Warstein,/wiki/Warstein
Nordrhein-Westfalen,NW,Wassenberg,/wiki/Wassenberg
Nordrhein-Westfalen,NW,Wegberg,/wiki/Wegberg
Nordrhein-Westfalen,NW,Werdohl,/wiki/Werdohl
Nordrhein-Westfalen,NW,Werl,/wiki/Werl
Nordrhein-Westfalen,NW,Wermelskirchen,/wiki/Wermelskirchen
Nordrhein-Westfalen,NW,Werne,/wiki/Werne
Nordrhein-Westfalen,NW,Werther,/wiki/Werther_(Westf.)
Nordrhein-Westfalen,NW,Wesel,/wiki/Wesel
Nordrhein-Westfalen,NW,Wesseling,/wiki/Wesseling
Nordrhein-Westfalen,NW,Wetter,/wiki/Wetter_(Ruhr)
Nordrhein-Westfalen,NW,Wiehl,/wiki/Wiehl
Nordrhein-Westfalen,NW,Willebadessen,/wiki/Willebadessen
Nordrhein-Westfalen,NW,Willich,/wiki/Willich
Nordrhein-Westfalen,NW,Winterberg,/wiki/Winterberg
Nordrhein-Westfalen,NW,Wipperfürth,/wiki/Wipperf%C3%BCrth
Nordrhein-Westfalen,NW,Witten,/wiki/Witten
Nordrhein-Westfalen,NW,Wülfrath,/wiki/W%C3%BClfrath
Nordrhein-Westfalen,NW,Wuppertal,/wiki/Wuppertal
Nordrhein-Westfalen,NW,Würselen,/wiki/W%C3%BCrselen
Nordrhein-Westfalen,NW,Xanten,/wiki/Xanten
Nordrhein-Westfalen,NW,Zülpich,/wiki/Z%C3%BClpich
Hessen,HE,Allendorf,/wiki/Allendorf_(Lumda)
Hessen,HE,Alsfeld,/wiki/Alsfeld
Hessen,HE,Amöneburg,/wiki/Am%C3%B6neburg
Hessen,HE,Aßlar,/wiki/A%C3%9Flar
Hessen,HE,Babenhausen,/wiki/Babenhausen_(Hessen)
Hessen,HE,Bad Arolsen,/wiki/Bad_Arolsen
Hessen,HE,Bad Camberg,/wiki/Bad_Camberg
Hessen,HE,Bad Hersfeld,/wiki/Bad_Hersfeld
Hessen,HE,Bad Homburg vor der Höhe,/wiki/Bad_Homburg_vor_der_H%C3%B6he
Hessen,HE,Bad Karlshafen,/wiki/Bad_Karlshafen
Hessen,HE,Bad König,/wiki/Bad_K%C3%B6nig
Hessen,HE,Bad Nauheim,/wiki/Bad_Nauheim
Hessen,HE,Bad Orb,/wiki/Bad_Orb
Hessen,HE,Bad Schwalbach,/wiki/Bad_Schwalbach
Hessen,HE,Bad Soden am Taunus,/wiki/Bad_Soden_am_Taunus
Hessen,HE,Bad Soden-Salmünster,/wiki/Bad_Soden-Salm%C3%BCnster
Hessen,HE,Bad Sooden-Allendorf,/wiki/Bad_Sooden-Allendorf
Hessen,HE,Bad Vilbel,/wiki/Bad_Vilbel
Hessen,HE,Bad Wildungen,/wiki/Bad_Wildungen
Hessen,HE,Battenberg,/wiki/Battenberg_(Eder)
Hessen,HE,Baunatal,/wiki/Baunatal
Hessen,HE,Bebra,/wiki/Bebra
Hessen,HE,Bensheim,/wiki/Bensheim
Hessen,HE,Biedenkopf,/wiki/Biedenkopf
Hessen,HE,Borken,/wiki/Borken_(Hessen)
Hessen,HE,Braunfels,/wiki/Braunfels
Hessen,HE,Breuberg,/wiki/Breuberg
Hessen,HE,Bruchköbel,/wiki/Bruchk%C3%B6bel
Hessen,HE,Büdingen,/wiki/B%C3%BCdingen
Hessen,HE,Bürstadt,/wiki/B%C3%BCrstadt
Hessen,HE,Butzbach,/wiki/Butzbach
Hessen,HE,Darmstadt,/wiki/Darmstadt
Hessen,HE,Dieburg,/wiki/Dieburg
Hessen,HE,Diemelstadt,/wiki/Diemelstadt
Hessen,HE,Dietzenbach,/wiki/Dietzenbach
Hessen,HE,Dillenburg,/wiki/Dillenburg
Hessen,HE,Dreieich,/wiki/Dreieich
Hessen,HE,Eltville am Rhein,/wiki/Eltville_am_Rhein
Hessen,HE,Eppstein,/wiki/Eppstein
Hessen,HE,Erbach,/wiki/Erbach_(Odenwald)
Hessen,HE,Erlensee,/wiki/Erlensee
Hessen,HE,Eschborn,/wiki/Eschborn
Hessen,HE,Eschwege,/wiki/Eschwege
Hessen,HE,Felsberg,/wiki/Felsberg_(Hessen)
Hessen,HE,Flörsheim am Main,/wiki/Fl%C3%B6rsheim_am_Main
Hessen,HE,Florstadt,/wiki/Florstadt
Hessen,HE,Frankenau,/wiki/Frankenau
Hessen,HE,Frankenberg,/wiki/Frankenberg_(Eder)
Hessen,HE,Frankfurt am Main,/wiki/Frankfurt_am_Main
Hessen,HE,Friedberg,/wiki/Friedberg_(Hessen)
Hessen,HE,Friedrichsdorf,/wiki/Friedrichsdorf
Hessen,HE,Fritzlar,/wiki/Fritzlar
Hessen,HE,Fulda,/wiki/Fulda
Hessen,HE,Gedern,/wiki/Gedern
Hessen,HE,Geisenheim,/wiki/Geisenheim
Hessen,HE,Gelnhausen,/wiki/Gelnhausen
Hessen,HE,Gemünden,/wiki/Gem%C3%BCnden_(Wohra)
Hessen,HE,Gernsheim,/wiki/Gernsheim
Hessen,HE,Gersfeld,/wiki/Gersfeld_(Rh%C3%B6n)
Hessen,HE,Gießen,/wiki/Gie%C3%9Fen
Hessen,HE,Ginsheim-Gustavsburg,/wiki/Ginsheim-Gustavsburg
Hessen,HE,Gladenbach,/wiki/Gladenbach
Hessen,HE,Grebenau,/wiki/Grebenau
Hessen,HE,Grebenstein,/wiki/Grebenstein
Hessen,HE,Griesheim,/wiki/Griesheim
Hessen,HE,Großalmerode,/wiki/Gro%C3%9Falmerode
Hessen,HE,Groß-Bieberau,/wiki/Gro%C3%9F-Bieberau
Hessen,HE,Groß-Gerau,/wiki/Gro%C3%9F-Gerau
Hessen,HE,Groß-Umstadt,/wiki/Gro%C3%9F-Umstadt
Hessen,HE,Grünberg,/wiki/Gr%C3%BCnberg_(Hessen)
Hessen,HE,Gudensberg,/wiki/Gudensberg
Hessen,HE,Hadamar,/wiki/Hadamar
Hessen,HE,Haiger,/wiki/Haiger
Hessen,HE,Hanau,/wiki/Hanau
Hessen,HE,Hattersheim am Main,/wiki/Hattersheim_am_Main
Hessen,HE,Hatzfeld,/wiki/Hatzfeld_(Eder)
Hessen,HE,Heppenheim,/wiki/Heppenheim_(Bergstra%C3%9Fe)
Hessen,HE,Herborn,/wiki/Herborn
Hessen,HE,Herbstein,/wiki/Herbstein
Hessen,HE,Heringen,/wiki/Heringen_(Werra)
Hessen,HE,Hessisch Lichtenau,/wiki/Hessisch_Lichtenau
Hessen,HE,Heusenstamm,/wiki/Heusenstamm
Hessen,HE,Hirschhorn,/wiki/Hirschhorn_(Neckar)
Hessen,HE,Hochheim am Main,/wiki/Hochheim_am_Main
Hessen,HE,Hofgeismar,/wiki/Hofgeismar
Hessen,HE,Hofheim am Taunus,/wiki/Hofheim_am_Taunus
Hessen,HE,Homberg,/wiki/Homberg_(Efze)
Hessen,HE,Homberg,/wiki/Homberg_(Ohm)
Hessen,HE,Hünfeld,/wiki/H%C3%BCnfeld
Hessen,HE,Hungen,/wiki/Hungen
Hessen,HE,Idstein,/wiki/Idstein
Hessen,HE,Immenhausen,/wiki/Immenhausen
Hessen,HE,Karben,/wiki/Karben
Hessen,HE,Kassel,/wiki/Kassel
Hessen,HE,Kelkheim,/wiki/Kelkheim_(Taunus)
Hessen,HE,Kelsterbach,/wiki/Kelsterbach
Hessen,HE,Kirchhain,/wiki/Kirchhain
Hessen,HE,Kirtorf,/wiki/Kirtorf
Hessen,HE,Königstein im Taunus,/wiki/K%C3%B6nigstein_im_Taunus
Hessen,HE,Korbach,/wiki/Korbach
Hessen,HE,Kronberg im Taunus,/wiki/Kronberg_im_Taunus
Hessen,HE,Lampertheim,/wiki/Lampertheim
Hessen,HE,Langen,/wiki/Langen_(Hessen)
Hessen,HE,Langenselbold,/wiki/Langenselbold
Hessen,HE,Laubach,/wiki/Laubach
Hessen,HE,Lauterbach,/wiki/Lauterbach_(Hessen)
Hessen,HE,Leun,/wiki/Leun
Hessen,HE,Lich,/wiki/Lich
Hessen,HE,Lichtenfels,/wiki/Lichtenfels_(Hessen)
Hessen,HE,Liebenau,/wiki/Liebenau_(Hessen)
Hessen,HE,Limburg an der Lahn,/wiki/Limburg_an_der_Lahn
Hessen,HE,Linden,/wiki/Linden_(Hessen)
Hessen,HE,Lindenfels,/wiki/Lindenfels
Hessen,HE,Lollar,/wiki/Lollar
Hessen,HE,Lorch,/wiki/Lorch_(Rheingau)
Hessen,HE,Lorsch,/wiki/Lorsch
Hessen,HE,Maintal,/wiki/Maintal
Hessen,HE,Marburg,/wiki/Marburg
Hessen,HE,Melsungen,/wiki/Melsungen
Hessen,HE,Michelstadt,/wiki/Michelstadt
Hessen,HE,Mörfelden-Walldorf,/wiki/M%C3%B6rfelden-Walldorf
Hessen,HE,Mühlheim am Main,/wiki/M%C3%BChlheim_am_Main
Hessen,HE,Münzenberg,/wiki/M%C3%BCnzenberg
Hessen,HE,Naumburg,/wiki/Naumburg_(Hessen)
Hessen,HE,Neckarsteinach,/wiki/Neckarsteinach
Hessen,HE,Neu-Anspach,/wiki/Neu-Anspach
Hessen,HE,Neu-Isenburg,/wiki/Neu-Isenburg
Hessen,HE,Neukirchen,/wiki/Neukirchen_(Kn%C3%BCll)
Hessen,HE,Neustadt,/wiki/Neustadt_(Hessen)
Hessen,HE,Nidda,/wiki/Nidda
Hessen,HE,Niddatal,/wiki/Niddatal
Hessen,HE,Nidderau,/wiki/Nidderau
Hessen,HE,Niedenstein,/wiki/Niedenstein
Hessen,HE,Ober-Ramstadt,/wiki/Ober-Ramstadt
Hessen,HE,Obertshausen,/wiki/Obertshausen
Hessen,HE,Oberursel,/wiki/Oberursel_(Taunus)
Hessen,HE,Oberzent,/wiki/Oberzent
Hessen,HE,Oestrich-Winkel,/wiki/Oestrich-Winkel
Hessen,HE,Offenbach am Main,/wiki/Offenbach_am_Main
Hessen,HE,Ortenberg,/wiki/Ortenberg_(Hessen)
Hessen,HE,Pfungstadt,/wiki/Pfungstadt
Hessen,HE,Pohlheim,/wiki/Pohlheim
Hessen,HE,Raunheim,/wiki/Raunheim
Hessen,HE,Rauschenberg,/wiki/Rauschenberg
Hessen,HE,Reichelsheim,/wiki/Reichelsheim_(Wetterau)
Hessen,HE,Reinheim,/wiki/Reinheim
Hessen,HE,Riedstadt,/wiki/Riedstadt
Hessen,HE,Rödermark,/wiki/R%C3%B6dermark
Hessen,HE,Rodgau,/wiki/Rodgau
Hessen,HE,Romrod,/wiki/Romrod
Hessen,HE,Rosbach vor der Höhe,/wiki/Rosbach_vor_der_H%C3%B6he
Hessen,HE,Rosenthal,/wiki/Rosenthal_(Hessen)
Hessen,HE,Rotenburg an der Fulda,/wiki/Rotenburg_an_der_Fulda
Hessen,HE,Rüdesheim am Rhein,/wiki/R%C3%BCdesheim_am_Rhein
Hessen,HE,Runkel,/wiki/Runkel
Hessen,HE,Rüsselsheim am Main,/wiki/R%C3%BCsselsheim_am_Main
Hessen,HE,Schlitz,/wiki/Schlitz_(Vogelsbergkreis)
Hessen,HE,Schlüchtern,/wiki/Schl%C3%BCchtern
Hessen,HE,Schotten,/wiki/Schotten_(Stadt)
Hessen,HE,Schwalbach am Taunus,/wiki/Schwalbach_am_Taunus
Hessen,HE,Schwalmstadt,/wiki/Schwalmstadt
Hessen,HE,Schwarzenborn,/wiki/Schwarzenborn_(Kn%C3%BCll)
Hessen,HE,Seligenstadt,/wiki/Seligenstadt
Hessen,HE,Solms,/wiki/Solms
Hessen,HE,Sontra,/wiki/Sontra
Hessen,HE,Spangenberg,/wiki/Spangenberg
Hessen,HE,Stadtallendorf,/wiki/Stadtallendorf
Hessen,HE,Staufenberg,/wiki/Staufenberg_(Hessen)
Hessen,HE,Steinau an der Straße,/wiki/Steinau_an_der_Stra%C3%9Fe
Hessen,HE,Steinbach,/wiki/Steinbach_(Taunus)
Hessen,HE,Tann,/wiki/Tann_(Rh%C3%B6n)
Hessen,HE,Taunusstein,/wiki/Taunusstein
Hessen,HE,Trendelburg,/wiki/Trendelburg
Hessen,HE,Ulrichstein,/wiki/Ulrichstein
Hessen,HE,Usingen,/wiki/Usingen
Hessen,HE,Vellmar,/wiki/Vellmar
Hessen,HE,Viernheim,/wiki/Viernheim
Hessen,HE,Volkmarsen,/wiki/Volkmarsen
Hessen,HE,Wächtersbach,/wiki/W%C3%A4chtersbach
Hessen,HE,Waldeck,/wiki/Waldeck_(Stadt)
Hessen,HE,Waldkappel,/wiki/Waldkappel
Hessen,HE,Wanfried,/wiki/Wanfried
Hessen,HE,Weilburg,/wiki/Weilburg
Hessen,HE,Weiterstadt,/wiki/Weiterstadt
Hessen,HE,Wetter,/wiki/Wetter_(Hessen)
Hessen,HE,Wetzlar,/wiki/Wetzlar
Hessen,HE,Wiesbaden,/wiki/Wiesbaden
Hessen,HE,Witzenhausen,/wiki/Witzenhausen
Hessen,HE,Wolfhagen,/wiki/Wolfhagen
Hessen,HE,Zierenberg,/wiki/Zierenberg
Hessen,HE,Zwingenberg,/wiki/Zwingenberg_(Bergstra%C3%9Fe)
Sachsen,SN,Adorf,/wiki/Adorf/Vogtl.
Sachsen,SN,Altenberg,/wiki/Altenberg_(Erzgebirge)
Sachsen,SN,Annaberg-Buchholz,/wiki/Annaberg-Buchholz
Sachsen,SN,Aue-Bad Schlema,/wiki/Aue-Bad_Schlema
Sachsen,SN,Auerbach,/wiki/Auerbach/Vogtl.
Sachsen,SN,Augustusburg,/wiki/Augustusburg
Sachsen,SN,Bad Düben,/wiki/Bad_D%C3%BCben
Sachsen,SN,Bad Elster,/wiki/Bad_Elster
Sachsen,SN,Bad Gottleuba-Berggießhübel,/wiki/Bad_Gottleuba-Berggie%C3%9Fh%C3%BCbel
Sachsen,SN,Bad Lausick,/wiki/Bad_Lausick
Sachsen,SN,Bad Muskau,/wiki/Bad_Muskau
Sachsen,SN,Bad Schandau,/wiki/Bad_Schandau
Sachsen,SN,Bautzen,/wiki/Bautzen
Sachsen,SN,Belgern-Schildau,/wiki/Belgern-Schildau
Sachsen,SN,Bernsdorf,/wiki/Bernsdorf_(Oberlausitz)
Sachsen,SN,Bernstadt a. d. Eigen,/wiki/Bernstadt_a._d._Eigen
Sachsen,SN,Bischofswerda,/wiki/Bischofswerda
Sachsen,SN,Böhlen,/wiki/B%C3%B6hlen_(Sachsen)
Sachsen,SN,Borna,/wiki/Borna
Sachsen,SN,Brand-Erbisdorf,/wiki/Brand-Erbisdorf
Sachsen,SN,Brandis,/wiki/Brandis
Sachsen,SN,Burgstädt,/wiki/Burgst%C3%A4dt
Sachsen,SN,Chemnitz,/wiki/Chemnitz
Sachsen,SN,Colditz,/wiki/Colditz
Sachsen,SN,Coswig,/wiki/Coswig_(Sachsen)
Sachsen,SN,Crimmitschau,/wiki/Crimmitschau
Sachsen,SN,Dahlen,/wiki/Dahlen_(Sachsen)
Sachsen,SN,Delitzsch,/wiki/Delitzsch
Sachsen,SN,Dippoldiswalde,/wiki/Dippoldiswalde
Sachsen,SN,Döbeln,/wiki/D%C3%B6beln
Sachsen,SN,Dohna,/wiki/Dohna
Sachsen,SN,Dommitzsch,/wiki/Dommitzsch
Sachsen,SN,Dresden,/wiki/Dresden
Sachsen,SN,Ebersbach-Neugersdorf,/wiki/Ebersbach-Neugersdorf
Sachsen,SN,Ehrenfriedersdorf,/wiki/Ehrenfriedersdorf
Sachsen,SN,Eibenstock,/wiki/Eibenstock
Sachsen,SN,Eilenburg,/wiki/Eilenburg
Sachsen,SN,Elsterberg,/wiki/Elsterberg
Sachsen,SN,Elstra,/wiki/Elstra
Sachsen,SN,Elterlein,/wiki/Elterlein
Sachsen,SN,Falkenstein,/wiki/Falkenstein/Vogtl.
Sachsen,SN,Flöha,/wiki/Fl%C3%B6ha
Sachsen,SN,Frankenberg,/wiki/Frankenberg/Sa.
Sachsen,SN,Frauenstein,/wiki/Frauenstein_(Erzgebirge)
Sachsen,SN,Freiberg,/wiki/Freiberg
Sachsen,SN,Freital,/wiki/Freital
Sachsen,SN,Frohburg,/wiki/Frohburg
Sachsen,SN,Geithain,/wiki/Geithain
Sachsen,SN,Geringswalde,/wiki/Geringswalde
Sachsen,SN,Geyer,/wiki/Geyer
Sachsen,SN,Glashütte,/wiki/Glash%C3%BCtte_(Sachsen)
Sachsen,SN,Glauchau,/wiki/Glauchau
Sachsen,SN,Görlitz,/wiki/G%C3%B6rlitz
Sachsen,SN,Grimma,/wiki/Grimma
Sachsen,SN,Gröditz,/wiki/Gr%C3%B6ditz
Sachsen,SN,Groitzsch,/wiki/Groitzsch
Sachsen,SN,Großenhain,/wiki/Gro%C3%9Fenhain
Sachsen,SN,Großröhrsdorf,/wiki/Gro%C3%9Fr%C3%B6hrsdorf
Sachsen,SN,Großschirma,/wiki/Gro%C3%9Fschirma
Sachsen,SN,Grünhain-Beierfeld,/wiki/Gr%C3%BCnhain-Beierfeld
Sachsen,SN,Hainichen,/wiki/Hainichen
Sachsen,SN,Hartenstein,/wiki/Hartenstein_(Sachsen)
Sachsen,SN,Hartha,/wiki/Hartha
Sachsen,SN,Heidenau,/wiki/Heidenau_(Sachsen)
Sachsen,SN,Herrnhut,/wiki/Herrnhut
Sachsen,SN,Hohenstein-Ernstthal,/wiki/Hohenstein-Ernstthal
Sachsen,SN,Hohnstein,/wiki/Hohnstein_(S%C3%A4chsische_Schweiz)
Sachsen,SN,Hoyerswerda,/wiki/Hoyerswerda
Sachsen,SN,Johanngeorgenstadt,/wiki/Johanngeorgenstadt
Sachsen,SN,Jöhstadt,/wiki/J%C3%B6hstadt
Sachsen,SN,Kamenz,/wiki/Kamenz
Sachsen,SN,Kirchberg,/wiki/Kirchberg_(Sachsen)
Sachsen,SN,Kitzscher,/wiki/Kitzscher
Sachsen,SN,Klingenthal,/wiki/Klingenthal
Sachsen,SN,Königsbrück,/wiki/K%C3%B6nigsbr%C3%BCck
Sachsen,SN,Königstein,/wiki/K%C3%B6nigstein_(S%C3%A4chsische_Schweiz)
Sachsen,SN,Lauta,/wiki/Lauta
Sachsen,SN,Lauter-Bernsbach,/wiki/Lauter-Bernsbach
Sachsen,SN,Leipzig,/wiki/Leipzig
Sachsen,SN,Leisnig,/wiki/Leisnig
Sachsen,SN,Lengenfeld,/wiki/Lengenfeld_(Vogtland)
Sachsen,SN,Lichtenstein,/wiki/Lichtenstein/Sa.
Sachsen,SN,Liebstadt,/wiki/Liebstadt
Sachsen,SN,Limbach-Oberfrohna,/wiki/Limbach-Oberfrohna
Sachsen,SN,Löbau,/wiki/L%C3%B6bau
Sachsen,SN,Lommatzsch,/wiki/Lommatzsch
Sachsen,SN,Lößnitz,/wiki/L%C3%B6%C3%9Fnitz_(Erzgebirge)
Sachsen,SN,Lugau,/wiki/Lugau
Sachsen,SN,Lunzenau,/wiki/Lunzenau
Sachsen,SN,Marienberg,/wiki/Marienberg
Sachsen,SN,Markkleeberg,/wiki/Markkleeberg
Sachsen,SN,Markneukirchen,/wiki/Markneukirchen
Sachsen,SN,Markranstädt,/wiki/Markranst%C3%A4dt
Sachsen,SN,Meerane,/wiki/Meerane
Sachsen,SN,Meißen,/wiki/Mei%C3%9Fen
Sachsen,SN,Mittweida,/wiki/Mittweida
Sachsen,SN,Mügeln,/wiki/M%C3%BCgeln
Sachsen,SN,Naunhof,/wiki/Naunhof
Sachsen,SN,Netzschkau,/wiki/Netzschkau
Sachsen,SN,Neusalza-Spremberg,/wiki/Neusalza-Spremberg
Sachsen,SN,Neustadt in Sachsen,/wiki/Neustadt_in_Sachsen
Sachsen,SN,Niesky,/wiki/Niesky
Sachsen,SN,Nossen,/wiki/Nossen
Sachsen,SN,Oberlungwitz,/wiki/Oberlungwitz
Sachsen,SN,Oberwiesenthal,/wiki/Oberwiesenthal
Sachsen,SN,Oederan,/wiki/Oederan
Sachsen,SN,Oelsnitz,/wiki/Oelsnitz/Erzgeb.
Sachsen,SN,Oelsnitz,/wiki/Oelsnitz/Vogtl.
Sachsen,SN,Olbernhau,/wiki/Olbernhau
Sachsen,SN,Oschatz,/wiki/Oschatz
Sachsen,SN,Ostritz,/wiki/Ostritz
Sachsen,SN,Pausa-Mühltroff,/wiki/Pausa-M%C3%BChltroff
Sachsen,SN,Pegau,/wiki/Pegau
Sachsen,SN,Penig,/wiki/Penig
Sachsen,SN,Pirna,/wiki/Pirna
Sachsen,SN,Plauen,/wiki/Plauen
Sachsen,SN,Pockau-Lengefeld,/wiki/Pockau-Lengefeld
Sachsen,SN,Pulsnitz,/wiki/Pulsnitz
Sachsen,SN,Rabenau,/wiki/Rabenau_(Sachsen)
Sachsen,SN,Radeberg,/wiki/Radeberg
Sachsen,SN,Radebeul,/wiki/Radebeul
Sachsen,SN,Radeburg,/wiki/Radeburg
Sachsen,SN,Regis-Breitingen,/wiki/Regis-Breitingen
Sachsen,SN,Reichenbach im Vogtland,/wiki/Reichenbach_im_Vogtland
Sachsen,SN,Reichenbach,/wiki/Reichenbach/O.L.
Sachsen,SN,Riesa,/wiki/Riesa
Sachsen,SN,Rochlitz,/wiki/Rochlitz
Sachsen,SN,Rodewisch,/wiki/Rodewisch
Sachsen,SN,Roßwein,/wiki/Ro%C3%9Fwein
Sachsen,SN,Rötha,/wiki/R%C3%B6tha
Sachsen,SN,Rothenburg,/wiki/Rothenburg/Oberlausitz
Sachsen,SN,Sayda,/wiki/Sayda
Sachsen,SN,Scheibenberg,/wiki/Scheibenberg
Sachsen,SN,Schirgiswalde-Kirschau,/wiki/Schirgiswalde-Kirschau
Sachsen,SN,Schkeuditz,/wiki/Schkeuditz
Sachsen,SN,Schlettau,/wiki/Schlettau
Sachsen,SN,Schneeberg,/wiki/Schneeberg_(Erzgebirge)
Sachsen,SN,Schöneck,/wiki/Sch%C3%B6neck/Vogtl.
Sachsen,SN,Schwarzenberg,/wiki/Schwarzenberg/Erzgeb.
Sachsen,SN,Sebnitz,/wiki/Sebnitz
Sachsen,SN,Seifhennersdorf,/wiki/Seifhennersdorf
Sachsen,SN,Stadt Wehlen,/wiki/Stadt_Wehlen
Sachsen,SN,Stollberg,/wiki/Stollberg/Erzgeb.
Sachsen,SN,Stolpen,/wiki/Stolpen
Sachsen,SN,Strehla,/wiki/Strehla
Sachsen,SN,Taucha,/wiki/Taucha
Sachsen,SN,Thalheim,/wiki/Thalheim/Erzgeb.
Sachsen,SN,Tharandt,/wiki/Tharandt
Sachsen,SN,Thum,/wiki/Thum
Sachsen,SN,Torgau,/wiki/Torgau
Sachsen,SN,Trebsen,/wiki/Trebsen/Mulde
Sachsen,SN,Treuen,/wiki/Treuen
Sachsen,SN,Waldenburg,/wiki/Waldenburg_(Sachsen)
Sachsen,SN,Waldheim,/wiki/Waldheim
Sachsen,SN,Weißenberg,/wiki/Wei%C3%9Fenberg
Sachsen,SN,Weißwasser,/wiki/Wei%C3%9Fwasser/Oberlausitz
Sachsen,SN,Werdau,/wiki/Werdau
Sachsen,SN,Wildenfels,/wiki/Wildenfels
Sachsen,SN,Wilkau-Haßlau,/wiki/Wilkau-Ha%C3%9Flau
Sachsen,SN,Wilsdruff,/wiki/Wilsdruff
Sachsen,SN,Wilthen,/wiki/Wilthen
Sachsen,SN,Wittichenau,/wiki/Wittichenau
Sachsen,SN,Wolkenstein,/wiki/Wolkenstein_(Erzgebirge)
Sachsen,SN,Wurzen,/wiki/Wurzen
Sachsen,SN,Zittau,/wiki/Zittau
Sachsen,SN,Zschopau,/wiki/Zschopau
Sachsen,SN,Zwenkau,/wiki/Zwenkau
Sachsen,SN,Zwickau,/wiki/Zwickau
Sachsen,SN,Zwönitz,/wiki/Zw%C3%B6nitz
Niedersachsen,NI,Achim,/wiki/Achim_(Landkreis_Verden)
Niedersachsen,NI,Alfeld,/wiki/Alfeld_(Leine)
Niedersachsen,NI,Aurich,/wiki/Aurich
Niedersachsen,NI,Bad Bentheim,/wiki/Bad_Bentheim
Niedersachsen,NI,Bad Bevensen,/wiki/Bad_Bevensen
Niedersachsen,NI,Bad Fallingbostel,/wiki/Bad_Fallingbostel
Niedersachsen,NI,Bad Gandersheim,/wiki/Bad_Gandersheim
Niedersachsen,NI,Bad Harzburg,/wiki/Bad_Harzburg
Niedersachsen,NI,Bad Iburg,/wiki/Bad_Iburg
Niedersachsen,NI,Bad Lauterberg im Harz,/wiki/Bad_Lauterberg_im_Harz
Niedersachsen,NI,Bad Münder am Deister,/wiki/Bad_M%C3%BCnder_am_Deister
Niedersachsen,NI,Bad Nenndorf,/wiki/Bad_Nenndorf
Niedersachsen,NI,Bad Pyrmont,/wiki/Bad_Pyrmont
Niedersachsen,NI,Bad Sachsa,/wiki/Bad_Sachsa
Niedersachsen,NI,Bad Salzdetfurth,/wiki/Bad_Salzdetfurth
Niedersachsen,NI,Barsinghausen,/wiki/Barsinghausen
Niedersachsen,NI,Bassum,/wiki/Bassum
Niedersachsen,NI,Bergen,/wiki/Bergen_(Landkreis_Celle)
Niedersachsen,NI,Bersenbrück,/wiki/Bersenbr%C3%BCck
Niedersachsen,NI,Bleckede,/wiki/Bleckede
Niedersachsen,NI,Bockenem,/wiki/Bockenem
Niedersachsen,NI,Bodenwerder,/wiki/Bodenwerder
Niedersachsen,NI,Borkum,/wiki/Borkum
Niedersachsen,NI,Brake,/wiki/Brake_(Unterweser)
Niedersachsen,NI,Bramsche,/wiki/Bramsche
Niedersachsen,NI,Braunlage,/wiki/Braunlage
Niedersachsen,NI,Braunschweig,/wiki/Braunschweig
Niedersachsen,NI,Bremervörde,/wiki/Bremerv%C3%B6rde
Niedersachsen,NI,Buchholz in der Nordheide,/wiki/Buchholz_in_der_Nordheide
Niedersachsen,NI,Bückeburg,/wiki/B%C3%BCckeburg
Niedersachsen,NI,Burgdorf,/wiki/Burgdorf_(Region_Hannover)
Niedersachsen,NI,Burgwedel,/wiki/Burgwedel
Niedersachsen,NI,Buxtehude,/wiki/Buxtehude
Niedersachsen,NI,Celle,/wiki/Celle
Niedersachsen,NI,Clausthal-Zellerfeld,/wiki/Clausthal-Zellerfeld
Niedersachsen,NI,Cloppenburg,/wiki/Cloppenburg
Niedersachsen,NI,Cuxhaven,/wiki/Cuxhaven
Niedersachsen,NI,Damme,/wiki/Damme_(D%C3%BCmmer)
Niedersachsen,NI,Dannenberg,/wiki/Dannenberg_(Elbe)
Niedersachsen,NI,Dassel,/wiki/Dassel
Niedersachsen,NI,Delmenhorst,/wiki/Delmenhorst
Niedersachsen,NI,Diepholz,/wiki/Diepholz
Niedersachsen,NI,Dinklage,/wiki/Dinklage
Niedersachsen,NI,Dissen am Teutoburger Wald,/wiki/Dissen_am_Teutoburger_Wald
Niedersachsen,NI,Dransfeld,/wiki/Dransfeld
Niedersachsen,NI,Duderstadt,/wiki/Duderstadt
Niedersachsen,NI,Einbeck,/wiki/Einbeck
Niedersachsen,NI,Elsfleth,/wiki/Elsfleth
Niedersachsen,NI,Elze,/wiki/Elze
Niedersachsen,NI,Emden,/wiki/Emden
Niedersachsen,NI,Eschershausen,/wiki/Eschershausen
Niedersachsen,NI,Esens,/wiki/Esens
Niedersachsen,NI,Freren,/wiki/Freren
Niedersachsen,NI,Friesoythe,/wiki/Friesoythe
Niedersachsen,NI,Fürstenau,/wiki/F%C3%BCrstenau
Niedersachsen,NI,Garbsen,/wiki/Garbsen
Niedersachsen,NI,Geestland,/wiki/Geestland
Niedersachsen,NI,Gehrden,/wiki/Gehrden
Niedersachsen,NI,Georgsmarienhütte,/wiki/Georgsmarienh%C3%BCtte
Niedersachsen,NI,Gifhorn,/wiki/Gifhorn
Niedersachsen,NI,Goslar,/wiki/Goslar
Niedersachsen,NI,Göttingen,/wiki/G%C3%B6ttingen
Niedersachsen,NI,Gronau,/wiki/Gronau_(Leine)
Niedersachsen,NI,Hameln,/wiki/Hameln
Niedersachsen,NI,Hannover,/wiki/Hannover
Niedersachsen,NI,Hann. Münden,/wiki/Hann._M%C3%BCnden
Niedersachsen,NI,Hardegsen,/wiki/Hardegsen
Niedersachsen,NI,Haren,/wiki/Haren_(Ems)
Niedersachsen,NI,Haselünne,/wiki/Hasel%C3%BCnne
Niedersachsen,NI,Helmstedt,/wiki/Helmstedt
Niedersachsen,NI,Hemmingen,/wiki/Hemmingen_(Niedersachsen)
Niedersachsen,NI,Hemmoor,/wiki/Hemmoor
Niedersachsen,NI,Herzberg am Harz,/wiki/Herzberg_am_Harz
Niedersachsen,NI,Hessisch Oldendorf,/wiki/Hessisch_Oldendorf
Niedersachsen,NI,Hildesheim,/wiki/Hildesheim
Niedersachsen,NI,Hitzacker,/wiki/Hitzacker_(Elbe)
Niedersachsen,NI,Holzminden,/wiki/Holzminden
Niedersachsen,NI,Hoya,/wiki/Hoya
Niedersachsen,NI,Jever,/wiki/Jever
Niedersachsen,NI,Königslutter am Elm,/wiki/K%C3%B6nigslutter_am_Elm
Niedersachsen,NI,Laatzen,/wiki/Laatzen
Niedersachsen,NI,Langelsheim,/wiki/Langelsheim
Niedersachsen,NI,Langenhagen,/wiki/Langenhagen
Niedersachsen,NI,Leer,/wiki/Leer_(Ostfriesland)
Niedersachsen,NI,Lehrte,/wiki/Lehrte
Niedersachsen,NI,Lingen,/wiki/Lingen_(Ems)
Niedersachsen,NI,Lohne,/wiki/Lohne_(Oldenburg)
Niedersachsen,NI,Löningen,/wiki/L%C3%B6ningen
Niedersachsen,NI,Lüchow,/wiki/L%C3%BCchow_(Wendland)
Niedersachsen,NI,Lüneburg,/wiki/L%C3%BCneburg
Niedersachsen,NI,Melle,/wiki/Melle
Niedersachsen,NI,Meppen,/wiki/Meppen
Niedersachsen,NI,Moringen,/wiki/Moringen
Niedersachsen,NI,Munster,/wiki/Munster
Niedersachsen,NI,Neuenhaus,/wiki/Neuenhaus
Niedersachsen,NI,Neustadt am Rübenberge,/wiki/Neustadt_am_R%C3%BCbenberge
Niedersachsen,NI,Nienburg,/wiki/Nienburg/Weser
Niedersachsen,NI,Norden,/wiki/Norden_(Ostfriesland)
Niedersachsen,NI,Nordenham,/wiki/Nordenham
Niedersachsen,NI,Norderney,/wiki/Norderney
Niedersachsen,NI,Nordhorn,/wiki/Nordhorn
Niedersachsen,NI,Northeim,/wiki/Northeim
Niedersachsen,NI,Obernkirchen,/wiki/Obernkirchen
Niedersachsen,NI,Oldenburg,/wiki/Oldenburg_(Oldb)
Niedersachsen,NI,Osnabrück,/wiki/Osnabr%C3%BCck
Niedersachsen,NI,Osterholz-Scharmbeck,/wiki/Osterholz-Scharmbeck
Niedersachsen,NI,Osterode am Harz,/wiki/Osterode_am_Harz
Niedersachsen,NI,Otterndorf,/wiki/Otterndorf
Niedersachsen,NI,Papenburg,/wiki/Papenburg
Niedersachsen,NI,Pattensen,/wiki/Pattensen
Niedersachsen,NI,Peine,/wiki/Peine
Niedersachsen,NI,Quakenbrück,/wiki/Quakenbr%C3%BCck
Niedersachsen,NI,Rehburg-Loccum,/wiki/Rehburg-Loccum
Niedersachsen,NI,Rethem,/wiki/Rethem_(Aller)
Niedersachsen,NI,Rinteln,/wiki/Rinteln
Niedersachsen,NI,Rodenberg,/wiki/Rodenberg
Niedersachsen,NI,Ronnenberg,/wiki/Ronnenberg
Niedersachsen,NI,Rotenburg,/wiki/Rotenburg_(W%C3%BCmme)
Niedersachsen,NI,Sachsenhagen,/wiki/Sachsenhagen
Niedersachsen,NI,Salzgitter,/wiki/Salzgitter
Niedersachsen,NI,Sarstedt,/wiki/Sarstedt
Niedersachsen,NI,Schnackenburg,/wiki/Schnackenburg
Niedersachsen,NI,Schneverdingen,/wiki/Schneverdingen
Niedersachsen,NI,Schöningen,/wiki/Sch%C3%B6ningen
Niedersachsen,NI,Schöppenstedt,/wiki/Sch%C3%B6ppenstedt
Niedersachsen,NI,Schortens,/wiki/Schortens
Niedersachsen,NI,Schüttorf,/wiki/Sch%C3%BCttorf
Niedersachsen,NI,Seelze,/wiki/Seelze
Niedersachsen,NI,Seesen,/wiki/Seesen
Niedersachsen,NI,Sehnde,/wiki/Sehnde
Niedersachsen,NI,Soltau,/wiki/Soltau
Niedersachsen,NI,Springe,/wiki/Springe
Niedersachsen,NI,Stade,/wiki/Stade
Niedersachsen,NI,Stadthagen,/wiki/Stadthagen
Niedersachsen,NI,Stadtoldendorf,/wiki/Stadtoldendorf
Niedersachsen,NI,Sulingen,/wiki/Sulingen
Niedersachsen,NI,Syke,/wiki/Syke
Niedersachsen,NI,Twistringen,/wiki/Twistringen
Niedersachsen,NI,Uelzen,/wiki/Uelzen
Niedersachsen,NI,Uslar,/wiki/Uslar
Niedersachsen,NI,Varel,/wiki/Varel
Niedersachsen,NI,Vechta,/wiki/Vechta
Niedersachsen,NI,Verden,/wiki/Verden_(Aller)
Niedersachsen,NI,Visselhövede,/wiki/Visselh%C3%B6vede
Niedersachsen,NI,Walsrode,/wiki/Walsrode
Niedersachsen,NI,Weener,/wiki/Weener
Niedersachsen,NI,Werlte,/wiki/Werlte
Niedersachsen,NI,Westerstede,/wiki/Westerstede
Niedersachsen,NI,Wiesmoor,/wiki/Wiesmoor
Niedersachsen,NI,Wildeshausen,/wiki/Wildeshausen
Niedersachsen,NI,Wilhelmshaven,/wiki/Wilhelmshaven
Niedersachsen,NI,Winsen,/wiki/Winsen_(Luhe)
Niedersachsen,NI,Wittingen,/wiki/Wittingen
Niedersachsen,NI,Wittmund,/wiki/Wittmund
Niedersachsen,NI,Wolfenbüttel,/wiki/Wolfenb%C3%BCttel
Niedersachsen,NI,Wolfsburg,/wiki/Wolfsburg
Niedersachsen,NI,Wunstorf,/wiki/Wunstorf
Niedersachsen,NI,Wustrow,/wiki/Wustrow_(Wendland)
Niedersachsen,NI,Zeven,/wiki/Zeven
Rheinland-Pfalz,RP,Adenau,/wiki/Adenau
Rheinland-Pfalz,RP,Altenkirchen,/wiki/Altenkirchen_(Westerwald)
Rheinland-Pfalz,RP,Alzey,/wiki/Alzey
Rheinland-Pfalz,RP,Andernach,/wiki/Andernach
Rheinland-Pfalz,RP,Annweiler am Trifels,/wiki/Annweiler_am_Trifels
Rheinland-Pfalz,RP,Bacharach,/wiki/Bacharach
Rheinland-Pfalz,RP,Bad Bergzabern,/wiki/Bad_Bergzabern
Rheinland-Pfalz,RP,Bad Breisig,/wiki/Bad_Breisig
Rheinland-Pfalz,RP,Bad Dürkheim,/wiki/Bad_D%C3%BCrkheim
Rheinland-Pfalz,RP,Bad Ems,/wiki/Bad_Ems
Rheinland-Pfalz,RP,Bad Hönningen,/wiki/Bad_H%C3%B6nningen
Rheinland-Pfalz,RP,Bad Kreuznach,/wiki/Bad_Kreuznach
Rheinland-Pfalz,RP,Bad Marienberg,/wiki/Bad_Marienberg_(Westerwald)
Rheinland-Pfalz,RP,Bad Neuenahr-Ahrweiler,/wiki/Bad_Neuenahr-Ahrweiler
Rheinland-Pfalz,RP,Bad Sobernheim,/wiki/Bad_Sobernheim
Rheinland-Pfalz,RP,Baumholder,/wiki/Baumholder
Rheinland-Pfalz,RP,Bendorf,/wiki/Bendorf
Rheinland-Pfalz,RP,Bernkastel-Kues,/wiki/Bernkastel-Kues
Rheinland-Pfalz,RP,Betzdorf,/wiki/Betzdorf
Rheinland-Pfalz,RP,Bingen am Rhein,/wiki/Bingen_am_Rhein
Rheinland-Pfalz,RP,Birkenfeld,/wiki/Birkenfeld
Rheinland-Pfalz,RP,Bitburg,/wiki/Bitburg
Rheinland-Pfalz,RP,Boppard,/wiki/Boppard
Rheinland-Pfalz,RP,Braubach,/wiki/Braubach
Rheinland-Pfalz,RP,Cochem,/wiki/Cochem
Rheinland-Pfalz,RP,Daaden,/wiki/Daaden
Rheinland-Pfalz,RP,Dahn,/wiki/Dahn
Rheinland-Pfalz,RP,Daun,/wiki/Daun
Rheinland-Pfalz,RP,Deidesheim,/wiki/Deidesheim
Rheinland-Pfalz,RP,Dierdorf,/wiki/Dierdorf
Rheinland-Pfalz,RP,Diez,/wiki/Diez
Rheinland-Pfalz,RP,Edenkoben,/wiki/Edenkoben
Rheinland-Pfalz,RP,Eisenberg,/wiki/Eisenberg_(Pfalz)
Rheinland-Pfalz,RP,Emmelshausen,/wiki/Emmelshausen
Rheinland-Pfalz,RP,Frankenthal,/wiki/Frankenthal_(Pfalz)
Rheinland-Pfalz,RP,Freinsheim,/wiki/Freinsheim
Rheinland-Pfalz,RP,Gau-Algesheim,/wiki/Gau-Algesheim
Rheinland-Pfalz,RP,Germersheim,/wiki/Germersheim
Rheinland-Pfalz,RP,Gerolstein,/wiki/Gerolstein
Rheinland-Pfalz,RP,Grünstadt,/wiki/Gr%C3%BCnstadt
Rheinland-Pfalz,RP,Hachenburg,/wiki/Hachenburg
Rheinland-Pfalz,RP,Hagenbach,/wiki/Hagenbach
Rheinland-Pfalz,RP,Herdorf,/wiki/Herdorf
Rheinland-Pfalz,RP,Hermeskeil,/wiki/Hermeskeil
Rheinland-Pfalz,RP,Hillesheim,/wiki/Hillesheim_(Eifel)
Rheinland-Pfalz,RP,Höhr-Grenzhausen,/wiki/H%C3%B6hr-Grenzhausen
Rheinland-Pfalz,RP,Hornbach,/wiki/Hornbach
Rheinland-Pfalz,RP,Idar-Oberstein,/wiki/Idar-Oberstein
Rheinland-Pfalz,RP,Ingelheim am Rhein,/wiki/Ingelheim_am_Rhein
Rheinland-Pfalz,RP,Kaisersesch,/wiki/Kaisersesch
Rheinland-Pfalz,RP,Kaiserslautern,/wiki/Kaiserslautern
Rheinland-Pfalz,RP,Kandel,/wiki/Kandel_(Pfalz)
Rheinland-Pfalz,RP,Kastellaun,/wiki/Kastellaun
Rheinland-Pfalz,RP,Katzenelnbogen,/wiki/Katzenelnbogen
Rheinland-Pfalz,RP,Kaub,/wiki/Kaub
Rheinland-Pfalz,RP,Kirchberg,/wiki/Kirchberg_(Hunsr%C3%BCck)
Rheinland-Pfalz,RP,Kirchen,/wiki/Kirchen_(Sieg)
Rheinland-Pfalz,RP,Kirchheimbolanden,/wiki/Kirchheimbolanden
Rheinland-Pfalz,RP,Kirn,/wiki/Kirn
Rheinland-Pfalz,RP,Koblenz,/wiki/Koblenz
Rheinland-Pfalz,RP,Konz,/wiki/Konz
Rheinland-Pfalz,RP,Kusel,/wiki/Kusel
Rheinland-Pfalz,RP,Kyllburg,/wiki/Kyllburg
Rheinland-Pfalz,RP,Lahnstein,/wiki/Lahnstein
Rheinland-Pfalz,RP,Lambrecht,/wiki/Lambrecht_(Pfalz)
Rheinland-Pfalz,RP,Landau in der Pfalz,/wiki/Landau_in_der_Pfalz
Rheinland-Pfalz,RP,Landstuhl,/wiki/Landstuhl
Rheinland-Pfalz,RP,Lauterecken,/wiki/Lauterecken
Rheinland-Pfalz,RP,Linz am Rhein,/wiki/Linz_am_Rhein
Rheinland-Pfalz,RP,Ludwigshafen am Rhein,/wiki/Ludwigshafen_am_Rhein
Rheinland-Pfalz,RP,Mainz,/wiki/Mainz
Rheinland-Pfalz,RP,Manderscheid,/wiki/Manderscheid
Rheinland-Pfalz,RP,Mayen,/wiki/Mayen
Rheinland-Pfalz,RP,Meisenheim,/wiki/Meisenheim
Rheinland-Pfalz,RP,Mendig,/wiki/Mendig
Rheinland-Pfalz,RP,Montabaur,/wiki/Montabaur
Rheinland-Pfalz,RP,Mülheim-Kärlich,/wiki/M%C3%BClheim-K%C3%A4rlich
Rheinland-Pfalz,RP,Münstermaifeld,/wiki/M%C3%BCnstermaifeld
Rheinland-Pfalz,RP,Nassau,/wiki/Nassau_(Lahn)
Rheinland-Pfalz,RP,Nastätten,/wiki/Nast%C3%A4tten
Rheinland-Pfalz,RP,Neuerburg,/wiki/Neuerburg
Rheinland-Pfalz,RP,Neustadt an der Weinstraße,/wiki/Neustadt_an_der_Weinstra%C3%9Fe
Rheinland-Pfalz,RP,Neuwied,/wiki/Neuwied
Rheinland-Pfalz,RP,Nieder-Olm,/wiki/Nieder-Olm
Rheinland-Pfalz,RP,Nierstein,/wiki/Nierstein
Rheinland-Pfalz,RP,Obermoschel,/wiki/Obermoschel
Rheinland-Pfalz,RP,Oberwesel,/wiki/Oberwesel
Rheinland-Pfalz,RP,Oppenheim,/wiki/Oppenheim
Rheinland-Pfalz,RP,Osthofen,/wiki/Osthofen
Rheinland-Pfalz,RP,Otterberg,/wiki/Otterberg
Rheinland-Pfalz,RP,Pirmasens,/wiki/Pirmasens
Rheinland-Pfalz,RP,Polch,/wiki/Polch
Rheinland-Pfalz,RP,Prüm,/wiki/Pr%C3%BCm
Rheinland-Pfalz,RP,Ramstein-Miesenbach,/wiki/Ramstein-Miesenbach
Rheinland-Pfalz,RP,Ransbach-Baumbach,/wiki/Ransbach-Baumbach
Rheinland-Pfalz,RP,Remagen,/wiki/Remagen
Rheinland-Pfalz,RP,Rennerod,/wiki/Rennerod
Rheinland-Pfalz,RP,Rheinböllen,/wiki/Rheinb%C3%B6llen
Rheinland-Pfalz,RP,Rhens,/wiki/Rhens
Rheinland-Pfalz,RP,Rockenhausen,/wiki/Rockenhausen
Rheinland-Pfalz,RP,Rodalben,/wiki/Rodalben
Rheinland-Pfalz,RP,Saarburg,/wiki/Saarburg
Rheinland-Pfalz,RP,Sankt Goar,/wiki/Sankt_Goar
Rheinland-Pfalz,RP,Sankt Goarshausen,/wiki/Sankt_Goarshausen
Rheinland-Pfalz,RP,Schifferstadt,/wiki/Schifferstadt
Rheinland-Pfalz,RP,Schweich,/wiki/Schweich
Rheinland-Pfalz,RP,Selters,/wiki/Selters_(Westerwald)
Rheinland-Pfalz,RP,Simmern,/wiki/Simmern/Hunsr%C3%BCck
Rheinland-Pfalz,RP,Sinzig,/wiki/Sinzig
Rheinland-Pfalz,RP,Speicher,/wiki/Speicher_(Eifel)
Rheinland-Pfalz,RP,Speyer,/wiki/Speyer
Rheinland-Pfalz,RP,Stromberg,/wiki/Stromberg_(Hunsr%C3%BCck)
Rheinland-Pfalz,RP,Traben-Trarbach,/wiki/Traben-Trarbach
Rheinland-Pfalz,RP,Trier,/wiki/Trier
Rheinland-Pfalz,RP,Ulmen,/wiki/Ulmen_(Eifel)
Rheinland-Pfalz,RP,Unkel,/wiki/Unkel
Rheinland-Pfalz,RP,Vallendar,/wiki/Vallendar
Rheinland-Pfalz,RP,Wachenheim an der Weinstraße,/wiki/Wachenheim_an_der_Weinstra%C3%9Fe
Rheinland-Pfalz,RP,Waldmohr,/wiki/Waldmohr
Rheinland-Pfalz,RP,Weißenthurm,/wiki/Wei%C3%9Fenthurm
Rheinland-Pfalz,RP,Westerburg,/wiki/Westerburg
Rheinland-Pfalz,RP,Wirges,/wiki/Wirges
Rheinland-Pfalz,RP,Wissen,/wiki/Wissen_(Stadt)
Rheinland-Pfalz,RP,Wittlich,/wiki/Wittlich
Rheinland-Pfalz,RP,Wolfstein,/wiki/Wolfstein
Rheinland-Pfalz,RP,Worms,/wiki/Worms
Rheinland-Pfalz,RP,Wörrstadt,/wiki/W%C3%B6rrstadt
Rheinland-Pfalz,RP,Wörth am Rhein,/wiki/W%C3%B6rth_am_Rhein
Rheinland-Pfalz,RP,Zell,/wiki/Zell_(Mosel)
Rheinland-Pfalz,RP,Zweibrücken,/wiki/Zweibr%C3%BCcken
Thüringen,TH,Altenburg,/wiki/Altenburg
Thüringen,TH,Amt Creuzburg,/wiki/Amt_Creuzburg
Thüringen,TH,An der Schmücke,/wiki/An_der_Schm%C3%BCcke
Thüringen,TH,Apolda,/wiki/Apolda
Thüringen,TH,Arnstadt,/wiki/Arnstadt
Thüringen,TH,Artern,/wiki/Artern
Thüringen,TH,Auma-Weidatal,/wiki/Auma-Weidatal
Thüringen,TH,Bad Berka,/wiki/Bad_Berka
Thüringen,TH,Bad Blankenburg,/wiki/Bad_Blankenburg
Thüringen,TH,Bad Frankenhausen,/wiki/Bad_Frankenhausen/Kyffh%C3%A4user
Thüringen,TH,Bad Köstritz,/wiki/Bad_K%C3%B6stritz
Thüringen,TH,Bad Langensalza,/wiki/Bad_Langensalza
Thüringen,TH,Bad Liebenstein,/wiki/Bad_Liebenstein_(Gemeinde)
Thüringen,TH,Bad Lobenstein,/wiki/Bad_Lobenstein
Thüringen,TH,Bad Salzungen,/wiki/Bad_Salzungen
Thüringen,TH,Bad Sulza,/wiki/Bad_Sulza
Thüringen,TH,Bad Tennstedt,/wiki/Bad_Tennstedt
Thüringen,TH,Berga-Wünschendorf,/wiki/Berga-W%C3%BCnschendorf
Thüringen,TH,Blankenhain,/wiki/Blankenhain
Thüringen,TH,Bleicherode,/wiki/Bleicherode
Thüringen,TH,Brotterode-Trusetal,/wiki/Brotterode-Trusetal
Thüringen,TH,Bürgel,/wiki/B%C3%BCrgel_(Th%C3%BCringen)
Thüringen,TH,Clingen,/wiki/Clingen
Thüringen,TH,Dingelstädt,/wiki/Dingelst%C3%A4dt
Thüringen,TH,Dornburg-Camburg,/wiki/Dornburg-Camburg
Thüringen,TH,Ebeleben,/wiki/Ebeleben
Thüringen,TH,Eisenach,/wiki/Eisenach
Thüringen,TH,Eisenberg,/wiki/Eisenberg_(Th%C3%BCringen)
Thüringen,TH,Eisfeld,/wiki/Eisfeld
Thüringen,TH,Ellrich,/wiki/Ellrich
Thüringen,TH,Erfurt,/wiki/Erfurt
Thüringen,TH,Friedrichroda,/wiki/Friedrichroda
Thüringen,TH,Gebesee,/wiki/Gebesee
Thüringen,TH,Gefell,/wiki/Gefell
Thüringen,TH,Geisa,/wiki/Geisa
Thüringen,TH,Gera,/wiki/Gera
Thüringen,TH,Gößnitz,/wiki/G%C3%B6%C3%9Fnitz_(Th%C3%BCringen)
Thüringen,TH,Gotha,/wiki/Gotha
Thüringen,TH,Gräfenthal,/wiki/Gr%C3%A4fenthal
Thüringen,TH,Greiz,/wiki/Greiz
Thüringen,TH,Greußen,/wiki/Greu%C3%9Fen
Thüringen,TH,Großbreitenbach,/wiki/Gro%C3%9Fbreitenbach
Thüringen,TH,Heilbad Heiligenstadt,/wiki/Heilbad_Heiligenstadt
Thüringen,TH,Heldburg,/wiki/Heldburg
Thüringen,TH,Heringen,/wiki/Heringen/Helme
Thüringen,TH,Hermsdorf,/wiki/Hermsdorf_(Th%C3%BCringen)
Thüringen,TH,Hildburghausen,/wiki/Hildburghausen
Thüringen,TH,Hirschberg,/wiki/Hirschberg_(Saale)
Thüringen,TH,Hohenleuben,/wiki/Hohenleuben
Thüringen,TH,Ilmenau,/wiki/Ilmenau
Thüringen,TH,Jena,/wiki/Jena
Thüringen,TH,Kahla,/wiki/Kahla
Thüringen,TH,Kaltennordheim,/wiki/Kaltennordheim
Thüringen,TH,Kölleda,/wiki/K%C3%B6lleda
Thüringen,TH,Königsee,/wiki/K%C3%B6nigsee
Thüringen,TH,Kranichfeld,/wiki/Kranichfeld
Thüringen,TH,Lauscha,/wiki/Lauscha
Thüringen,TH,Lehesten,/wiki/Lehesten_(Th%C3%BCringer_Wald)
Thüringen,TH,Leinefelde-Worbis,/wiki/Leinefelde-Worbis
Thüringen,TH,Leutenberg,/wiki/Leutenberg
Thüringen,TH,Lucka,/wiki/Lucka
Thüringen,TH,Magdala,/wiki/Magdala
Thüringen,TH,Meiningen,/wiki/Meiningen
Thüringen,TH,Meuselwitz,/wiki/Meuselwitz
Thüringen,TH,Mühlhausen,/wiki/M%C3%BChlhausen/Th%C3%BCringen
Thüringen,TH,Münchenbernsdorf,/wiki/M%C3%BCnchenbernsdorf
Thüringen,TH,Neuhaus am Rennweg,/wiki/Neuhaus_am_Rennweg
Thüringen,TH,Neumark,/wiki/Neumark_(bei_Weimar)
Thüringen,TH,Neustadt an der Orla,/wiki/Neustadt_an_der_Orla
Thüringen,TH,Nordhausen,/wiki/Nordhausen
Thüringen,TH,Nottertal-Heilinger Höhen,/wiki/Nottertal-Heilinger_H%C3%B6hen
Thüringen,TH,Oberhof,/wiki/Oberhof
Thüringen,TH,Ohrdruf,/wiki/Ohrdruf
Thüringen,TH,Orlamünde,/wiki/Orlam%C3%BCnde
Thüringen,TH,Plaue,/wiki/Plaue
Thüringen,TH,Pößneck,/wiki/P%C3%B6%C3%9Fneck
Thüringen,TH,Ranis,/wiki/Ranis
Thüringen,TH,Rastenberg,/wiki/Rastenberg
Thüringen,TH,Römhild,/wiki/R%C3%B6mhild
Thüringen,TH,Ronneburg,/wiki/Ronneburg_(Th%C3%BCringen)
Thüringen,TH,Roßleben-Wiehe,/wiki/Ro%C3%9Fleben-Wiehe
Thüringen,TH,Rudolstadt,/wiki/Rudolstadt
Thüringen,TH,Ruhla,/wiki/Ruhla
Thüringen,TH,Saalburg-Ebersdorf,/wiki/Saalburg-Ebersdorf
Thüringen,TH,Saalfeld,/wiki/Saalfeld/Saale
Thüringen,TH,Schalkau,/wiki/Schalkau
Thüringen,TH,Schkölen,/wiki/Schk%C3%B6len
Thüringen,TH,Schleiz,/wiki/Schleiz
Thüringen,TH,Schleusingen,/wiki/Schleusingen
Thüringen,TH,Schmalkalden,/wiki/Schmalkalden
Thüringen,TH,Schmölln,/wiki/Schm%C3%B6lln
Thüringen,TH,Schwarzatal,/wiki/Schwarzatal
Thüringen,TH,Sömmerda,/wiki/S%C3%B6mmerda
Thüringen,TH,Sondershausen,/wiki/Sondershausen
Thüringen,TH,Sonneberg,/wiki/Sonneberg
Thüringen,TH,Stadtilm,/wiki/Stadtilm
Thüringen,TH,Stadtroda,/wiki/Stadtroda
Thüringen,TH,Steinach,/wiki/Steinach_(Th%C3%BCringen)
Thüringen,TH,Steinbach-Hallenberg,/wiki/Steinbach-Hallenberg
Thüringen,TH,Suhl,/wiki/Suhl
Thüringen,TH,Tambach-Dietharz,/wiki/Tambach-Dietharz
Thüringen,TH,Tanna,/wiki/Tanna
Thüringen,TH,Themar,/wiki/Themar
Thüringen,TH,Treffurt,/wiki/Treffurt
Thüringen,TH,Triptis,/wiki/Triptis
Thüringen,TH,Ummerstadt,/wiki/Ummerstadt
Thüringen,TH,Vacha,/wiki/Vacha
Thüringen,TH,Waltershausen,/wiki/Waltershausen
Thüringen,TH,Wasungen,/wiki/Wasungen
Thüringen,TH,Weida,/wiki/Weida
Thüringen,TH,Weimar,/wiki/Weimar
Thüringen,TH,Weißensee,/wiki/Wei%C3%9Fensee_(Th%C3%BCringen)
Thüringen,TH,Werra-Suhl-Tal,/wiki/Werra-Suhl-Tal
Thüringen,TH,Wurzbach,/wiki/Wurzbach
Thüringen,TH,Zella-Mehlis,/wiki/Zella-Mehlis
Thüringen,TH,Zeulenroda-Triebes,/wiki/Zeulenroda-Triebes
Thüringen,TH,Ziegenrück,/wiki/Ziegenr%C3%BCck
Brandenburg,BB,Altlandsberg,/wiki/Altlandsberg
Brandenburg,BB,Angermünde,/wiki/Angerm%C3%BCnde
Brandenburg,BB,Bad Belzig,/wiki/Bad_Belzig
Brandenburg,BB,Bad Freienwalde,/wiki/Bad_Freienwalde_(Oder)
Brandenburg,BB,Bad Liebenwerda,/wiki/Bad_Liebenwerda
Brandenburg,BB,Bad Wilsnack,/wiki/Bad_Wilsnack
Brandenburg,BB,Baruth,/wiki/Baruth/Mark
Brandenburg,BB,Beelitz,/wiki/Beelitz
Brandenburg,BB,Beeskow,/wiki/Beeskow
Brandenburg,BB,Bernau bei Berlin,/wiki/Bernau_bei_Berlin
Brandenburg,BB,Biesenthal,/wiki/Biesenthal
Brandenburg,BB,Brandenburg an der Havel,/wiki/Brandenburg_an_der_Havel
Brandenburg,BB,Brück,/wiki/Br%C3%BCck
Brandenburg,BB,Brüssow,/wiki/Br%C3%BCssow
Brandenburg,BB,Buckow,/wiki/Buckow_(M%C3%A4rkische_Schweiz)
Brandenburg,BB,Calau,/wiki/Calau
Brandenburg,BB,Cottbus,/wiki/Cottbus
Brandenburg,BB,Dahme,/wiki/Dahme/Mark
Brandenburg,BB,Doberlug-Kirchhain,/wiki/Doberlug-Kirchhain
Brandenburg,BB,Döbern,/wiki/D%C3%B6bern
Brandenburg,BB,Drebkau,/wiki/Drebkau
Brandenburg,BB,Eberswalde,/wiki/Eberswalde
Brandenburg,BB,Eisenhüttenstadt,/wiki/Eisenh%C3%BCttenstadt
Brandenburg,BB,Elsterwerda,/wiki/Elsterwerda
Brandenburg,BB,Erkner,/wiki/Erkner
Brandenburg,BB,Falkenberg,/wiki/Falkenberg/Elster
Brandenburg,BB,Falkensee,/wiki/Falkensee
Brandenburg,BB,Finsterwalde,/wiki/Finsterwalde
Brandenburg,BB,Forst,/wiki/Forst_(Lausitz)
Brandenburg,BB,Frankfurt,/wiki/Frankfurt_(Oder)
Brandenburg,BB,Friedland,/wiki/Friedland_(Niederlausitz)
Brandenburg,BB,Friesack,/wiki/Friesack
Brandenburg,BB,Fürstenberg,/wiki/F%C3%BCrstenberg/Havel
Brandenburg,BB,Fürstenwalde,/wiki/F%C3%BCrstenwalde/Spree
Brandenburg,BB,Gartz,/wiki/Gartz_(Oder)
Brandenburg,BB,Golßen,/wiki/Gol%C3%9Fen
Brandenburg,BB,Gransee,/wiki/Gransee
Brandenburg,BB,Großräschen,/wiki/Gro%C3%9Fr%C3%A4schen
Brandenburg,BB,Guben,/wiki/Guben
Brandenburg,BB,Havelsee,/wiki/Havelsee
Brandenburg,BB,Hennigsdorf,/wiki/Hennigsdorf
Brandenburg,BB,Herzberg,/wiki/Herzberg_(Elster)
Brandenburg,BB,Hohen Neuendorf,/wiki/Hohen_Neuendorf
Brandenburg,BB,Joachimsthal,/wiki/Joachimsthal
Brandenburg,BB,Jüterbog,/wiki/J%C3%BCterbog
Brandenburg,BB,Ketzin,/wiki/Ketzin/Havel
Brandenburg,BB,Königs Wusterhausen,/wiki/K%C3%B6nigs_Wusterhausen
Brandenburg,BB,Kremmen,/wiki/Kremmen
Brandenburg,BB,Kyritz,/wiki/Kyritz
Brandenburg,BB,Lauchhammer,/wiki/Lauchhammer
Brandenburg,BB,Lebus,/wiki/Lebus
Brandenburg,BB,Lenzen,/wiki/Lenzen_(Elbe)
Brandenburg,BB,Liebenwalde,/wiki/Liebenwalde
Brandenburg,BB,Lieberose,/wiki/Lieberose
Brandenburg,BB,Lindow,/wiki/Lindow_(Mark)
Brandenburg,BB,Lübben,/wiki/L%C3%BCbben_(Spreewald)
Brandenburg,BB,Lübbenau,/wiki/L%C3%BCbbenau/Spreewald
Brandenburg,BB,Luckau,/wiki/Luckau
Brandenburg,BB,Luckenwalde,/wiki/Luckenwalde
Brandenburg,BB,Ludwigsfelde,/wiki/Ludwigsfelde
Brandenburg,BB,Lychen,/wiki/Lychen
Brandenburg,BB,Märkisch Buchholz,/wiki/M%C3%A4rkisch_Buchholz
Brandenburg,BB,Meyenburg,/wiki/Meyenburg
Brandenburg,BB,Mittenwalde,/wiki/Mittenwalde
Brandenburg,BB,Mühlberg,/wiki/M%C3%BChlberg/Elbe
Brandenburg,BB,Müllrose,/wiki/M%C3%BCllrose
Brandenburg,BB,Müncheberg,/wiki/M%C3%BCncheberg
Brandenburg,BB,Nauen,/wiki/Nauen
Brandenburg,BB,Neuruppin,/wiki/Neuruppin
Brandenburg,BB,Neustadt,/wiki/Neustadt_(Dosse)
Brandenburg,BB,Niemegk,/wiki/Niemegk
Brandenburg,BB,Oderberg,/wiki/Oderberg
Brandenburg,BB,Oranienburg,/wiki/Oranienburg
Brandenburg,BB,Ortrand,/wiki/Ortrand
Brandenburg,BB,Peitz,/wiki/Peitz
Brandenburg,BB,Perleberg,/wiki/Perleberg
Brandenburg,BB,Potsdam,/wiki/Potsdam
Brandenburg,BB,Premnitz,/wiki/Premnitz
Brandenburg,BB,Prenzlau,/wiki/Prenzlau
Brandenburg,BB,Pritzwalk,/wiki/Pritzwalk
Brandenburg,BB,Putlitz,/wiki/Putlitz
Brandenburg,BB,Rathenow,/wiki/Rathenow
Brandenburg,BB,Rheinsberg,/wiki/Rheinsberg
Brandenburg,BB,Rhinow,/wiki/Rhinow
Brandenburg,BB,Ruhland,/wiki/Ruhland
Brandenburg,BB,Schlieben,/wiki/Schlieben
Brandenburg,BB,Schönewalde,/wiki/Sch%C3%B6newalde
Brandenburg,BB,Schwarzheide,/wiki/Schwarzheide
Brandenburg,BB,Schwedt,/wiki/Schwedt/Oder
Brandenburg,BB,Seelow,/wiki/Seelow
Brandenburg,BB,Senftenberg,/wiki/Senftenberg
Brandenburg,BB,Sonnewalde,/wiki/Sonnewalde
Brandenburg,BB,Spremberg,/wiki/Spremberg
Brandenburg,BB,Storkow,/wiki/Storkow_(Mark)
Brandenburg,BB,Strausberg,/wiki/Strausberg
Brandenburg,BB,Teltow,/wiki/Teltow
Brandenburg,BB,Templin,/wiki/Templin
Brandenburg,BB,Teupitz,/wiki/Teupitz
Brandenburg,BB,Trebbin,/wiki/Trebbin
Brandenburg,BB,Treuenbrietzen,/wiki/Treuenbrietzen
Brandenburg,BB,Uebigau-Wahrenbrück,/wiki/Uebigau-Wahrenbr%C3%BCck
Brandenburg,BB,Velten,/wiki/Velten
Brandenburg,BB,Vetschau,/wiki/Vetschau/Spreewald
Brandenburg,BB,Welzow,/wiki/Welzow
Brandenburg,BB,Werder,/wiki/Werder_(Havel)
Brandenburg,BB,Werneuchen,/wiki/Werneuchen
Brandenburg,BB,Wildau,/wiki/Wildau
Brandenburg,BB,Wittenberge,/wiki/Wittenberge
Brandenburg,BB,Wittstock,/wiki/Wittstock/Dosse
Brandenburg,BB,Wriezen,/wiki/Wriezen
Brandenburg,BB,Zehdenick,/wiki/Zehdenick
Brandenburg,BB,Ziesar,/wiki/Ziesar
Brandenburg,BB,Zossen,/wiki/Zossen
Sachsen-Anhalt,ST,Aken,/wiki/Aken_(Elbe)
Sachsen-Anhalt,ST,Allstedt,/wiki/Allstedt
Sachsen-Anhalt,ST,Alsleben,/wiki/Alsleben_(Saale)
Sachsen-Anhalt,ST,Annaburg,/wiki/Annaburg
Sachsen-Anhalt,ST,Arendsee,/wiki/Arendsee_(Altmark)
Sachsen-Anhalt,ST,Arneburg,/wiki/Arneburg
Sachsen-Anhalt,ST,Arnstein,/wiki/Arnstein_(Sachsen-Anhalt)
Sachsen-Anhalt,ST,Aschersleben,/wiki/Aschersleben
Sachsen-Anhalt,ST,Bad Bibra,/wiki/Bad_Bibra
Sachsen-Anhalt,ST,Bad Dürrenberg,/wiki/Bad_D%C3%BCrrenberg
Sachsen-Anhalt,ST,Bad Lauchstädt,/wiki/Bad_Lauchst%C3%A4dt
Sachsen-Anhalt,ST,Bad Schmiedeberg,/wiki/Bad_Schmiedeberg
Sachsen-Anhalt,ST,Ballenstedt,/wiki/Ballenstedt
Sachsen-Anhalt,ST,Barby,/wiki/Barby
Sachsen-Anhalt,ST,Bernburg,/wiki/Bernburg_(Saale)
Sachsen-Anhalt,ST,Bismark,/wiki/Bismark_(Altmark)
Sachsen-Anhalt,ST,Bitterfeld-Wolfen,/wiki/Bitterfeld-Wolfen
Sachsen-Anhalt,ST,Blankenburg,/wiki/Blankenburg_(Harz)
Sachsen-Anhalt,ST,Braunsbedra,/wiki/Braunsbedra
Sachsen-Anhalt,ST,Burg,/wiki/Burg_(bei_Magdeburg)
Sachsen-Anhalt,ST,Calbe,/wiki/Calbe_(Saale)
Sachsen-Anhalt,ST,Coswig,/wiki/Coswig_(Anhalt)
Sachsen-Anhalt,ST,Dessau-Roßlau,/wiki/Dessau-Ro%C3%9Flau
Sachsen-Anhalt,ST,Eckartsberga,/wiki/Eckartsberga
Sachsen-Anhalt,ST,Egeln,/wiki/Egeln
Sachsen-Anhalt,ST,Lutherstadt Eisleben,/wiki/Lutherstadt_Eisleben
Sachsen-Anhalt,ST,Falkenstein,/wiki/Falkenstein/Harz
Sachsen-Anhalt,ST,Freyburg,/wiki/Freyburg_(Unstrut)
Sachsen-Anhalt,ST,Gardelegen,/wiki/Gardelegen
Sachsen-Anhalt,ST,Genthin,/wiki/Genthin
Sachsen-Anhalt,ST,Gerbstedt,/wiki/Gerbstedt
Sachsen-Anhalt,ST,Gommern,/wiki/Gommern
Sachsen-Anhalt,ST,Gräfenhainichen,/wiki/Gr%C3%A4fenhainichen
Sachsen-Anhalt,ST,Gröningen,/wiki/Gr%C3%B6ningen
Sachsen-Anhalt,ST,Güsten,/wiki/G%C3%BCsten
Sachsen-Anhalt,ST,Halberstadt,/wiki/Halberstadt
Sachsen-Anhalt,ST,Haldensleben,/wiki/Haldensleben
Sachsen-Anhalt,ST,Halle,/wiki/Halle_(Saale)
Sachsen-Anhalt,ST,Harzgerode,/wiki/Harzgerode
Sachsen-Anhalt,ST,Havelberg,/wiki/Havelberg
Sachsen-Anhalt,ST,Hecklingen,/wiki/Hecklingen
Sachsen-Anhalt,ST,Hettstedt,/wiki/Hettstedt
Sachsen-Anhalt,ST,Hohenmölsen,/wiki/Hohenm%C3%B6lsen
Sachsen-Anhalt,ST,Ilsenburg,/wiki/Ilsenburg_(Harz)
Sachsen-Anhalt,ST,Jerichow,/wiki/Jerichow
Sachsen-Anhalt,ST,Jessen,/wiki/Jessen_(Elster)
Sachsen-Anhalt,ST,Kalbe,/wiki/Kalbe_(Milde)
Sachsen-Anhalt,ST,Kelbra,/wiki/Kelbra_(Kyffh%C3%A4user)
Sachsen-Anhalt,ST,Kemberg,/wiki/Kemberg
Sachsen-Anhalt,ST,Klötze,/wiki/Kl%C3%B6tze
Sachsen-Anhalt,ST,Könnern,/wiki/K%C3%B6nnern
Sachsen-Anhalt,ST,Köthen,/wiki/K%C3%B6then_(Anhalt)
Sachsen-Anhalt,ST,Kroppenstedt,/wiki/Kroppenstedt
Sachsen-Anhalt,ST,Landsberg,/wiki/Landsberg_(Saalekreis)
Sachsen-Anhalt,ST,Laucha an der Unstrut,/wiki/Laucha_an_der_Unstrut
Sachsen-Anhalt,ST,Leuna,/wiki/Leuna
Sachsen-Anhalt,ST,Lützen,/wiki/L%C3%BCtzen
Sachsen-Anhalt,ST,Magdeburg,/wiki/Magdeburg
Sachsen-Anhalt,ST,Mansfeld,/wiki/Mansfeld
Sachsen-Anhalt,ST,Merseburg,/wiki/Merseburg
Sachsen-Anhalt,ST,Möckern,/wiki/M%C3%B6ckern
Sachsen-Anhalt,ST,Mücheln,/wiki/M%C3%BCcheln_(Geiseltal)
Sachsen-Anhalt,ST,Naumburg,/wiki/Naumburg_(Saale)
Sachsen-Anhalt,ST,Nebra,/wiki/Nebra_(Unstrut)
Sachsen-Anhalt,ST,Nienburg,/wiki/Nienburg_(Saale)
Sachsen-Anhalt,ST,Oberharz am Brocken,/wiki/Oberharz_am_Brocken
Sachsen-Anhalt,ST,Oebisfelde-Weferlingen,/wiki/Oebisfelde-Weferlingen
Sachsen-Anhalt,ST,Oranienbaum-Wörlitz,/wiki/Oranienbaum-W%C3%B6rlitz
Sachsen-Anhalt,ST,Oschersleben,/wiki/Oschersleben_(Bode)
Sachsen-Anhalt,ST,Osterburg,/wiki/Osterburg_(Altmark)
Sachsen-Anhalt,ST,Osterfeld,/wiki/Osterfeld_(Sachsen-Anhalt)
Sachsen-Anhalt,ST,Osterwieck,/wiki/Osterwieck
Sachsen-Anhalt,ST,Quedlinburg,/wiki/Quedlinburg
Sachsen-Anhalt,ST,Querfurt,/wiki/Querfurt
Sachsen-Anhalt,ST,Raguhn-Jeßnitz,/wiki/Raguhn-Je%C3%9Fnitz
Sachsen-Anhalt,ST,Salzwedel,/wiki/Salzwedel
Sachsen-Anhalt,ST,Sandau,/wiki/Sandau_(Elbe)
Sachsen-Anhalt,ST,Sandersdorf-Brehna,/wiki/Sandersdorf-Brehna
Sachsen-Anhalt,ST,Sangerhausen,/wiki/Sangerhausen
Sachsen-Anhalt,ST,Schönebeck,/wiki/Sch%C3%B6nebeck_(Elbe)
Sachsen-Anhalt,ST,Schraplau,/wiki/Schraplau
Sachsen-Anhalt,ST,Schwanebeck,/wiki/Schwanebeck
Sachsen-Anhalt,ST,Seehausen,/wiki/Seehausen_(Altmark)
Sachsen-Anhalt,ST,Seeland,/wiki/Seeland_(Sachsen-Anhalt)
Sachsen-Anhalt,ST,Staßfurt,/wiki/Sta%C3%9Ffurt
Sachsen-Anhalt,ST,Stendal,/wiki/Stendal
Sachsen-Anhalt,ST,Stößen,/wiki/St%C3%B6%C3%9Fen
Sachsen-Anhalt,ST,Südliches Anhalt,/wiki/S%C3%BCdliches_Anhalt
Sachsen-Anhalt,ST,Tangerhütte,/wiki/Tangerh%C3%BCtte
Sachsen-Anhalt,ST,Tangermünde,/wiki/Tangerm%C3%BCnde
Sachsen-Anhalt,ST,Teuchern,/wiki/Teuchern
Sachsen-Anhalt,ST,Thale,/wiki/Thale
Sachsen-Anhalt,ST,Wanzleben-Börde,/wiki/Wanzleben-B%C3%B6rde
Sachsen-Anhalt,ST,Wegeleben,/wiki/Wegeleben
Sachsen-Anhalt,ST,Weißenfels,/wiki/Wei%C3%9Fenfels
Sachsen-Anhalt,ST,Werben,/wiki/Werben_(Elbe)
Sachsen-Anhalt,ST,Wernigerode,/wiki/Wernigerode
Sachsen-Anhalt,ST,Wettin-Löbejün,/wiki/Wettin-L%C3%B6bej%C3%BCn
Sachsen-Anhalt,ST,Lutherstadt Wittenberg,/wiki/Lutherstadt_Wittenberg
Sachsen-Anhalt,ST,Wolmirstedt,/wiki/Wolmirstedt
Sachsen-Anhalt,ST,Zahna-Elster,/wiki/Zahna-Elster
Sachsen-Anhalt,ST,Zeitz,/wiki/Zeitz
Sachsen-Anhalt,ST,Zerbst,/wiki/Zerbst/Anhalt
Sachsen-Anhalt,ST,Zörbig,/wiki/Z%C3%B6rbig
Mecklenburg-Vorpommern,MV,Altentreptow,/wiki/Altentreptow
Mecklenburg-Vorpommern,MV,Anklam,/wiki/Anklam
Mecklenburg-Vorpommern,MV,Bad Doberan,/wiki/Bad_Doberan
Mecklenburg-Vorpommern,MV,Bad Sülze,/wiki/Bad_S%C3%BClze
Mecklenburg-Vorpommern,MV,Barth,/wiki/Barth
Mecklenburg-Vorpommern,MV,Bergen auf Rügen,/wiki/Bergen_auf_R%C3%BCgen
Mecklenburg-Vorpommern,MV,Boizenburg,/wiki/Boizenburg/Elbe
Mecklenburg-Vorpommern,MV,Brüel,/wiki/Br%C3%BCel
Mecklenburg-Vorpommern,MV,Burg Stargard,/wiki/Burg_Stargard
Mecklenburg-Vorpommern,MV,Bützow,/wiki/B%C3%BCtzow
Mecklenburg-Vorpommern,MV,Crivitz,/wiki/Crivitz
Mecklenburg-Vorpommern,MV,Dargun,/wiki/Dargun
Mecklenburg-Vorpommern,MV,Dassow,/wiki/Dassow
Mecklenburg-Vorpommern,MV,Demmin,/wiki/Demmin
Mecklenburg-Vorpommern,MV,Dömitz,/wiki/D%C3%B6mitz
Mecklenburg-Vorpommern,MV,Eggesin,/wiki/Eggesin
Mecklenburg-Vorpommern,MV,Franzburg,/wiki/Franzburg
Mecklenburg-Vorpommern,MV,Friedland,/wiki/Friedland_(Mecklenburg)
Mecklenburg-Vorpommern,MV,Gadebusch,/wiki/Gadebusch
Mecklenburg-Vorpommern,MV,Garz,/wiki/Garz/R%C3%BCgen
Mecklenburg-Vorpommern,MV,Gnoien,/wiki/Gnoien
Mecklenburg-Vorpommern,MV,Goldberg,/wiki/Goldberg
Mecklenburg-Vorpommern,MV,Grabow,/wiki/Grabow_(Elde)
Mecklenburg-Vorpommern,MV,Greifswald,/wiki/Greifswald
Mecklenburg-Vorpommern,MV,Grevesmühlen,/wiki/Grevesm%C3%BChlen
Mecklenburg-Vorpommern,MV,Grimmen,/wiki/Grimmen
Mecklenburg-Vorpommern,MV,Güstrow,/wiki/G%C3%BCstrow
Mecklenburg-Vorpommern,MV,Gützkow,/wiki/G%C3%BCtzkow
Mecklenburg-Vorpommern,MV,Hagenow,/wiki/Hagenow
Mecklenburg-Vorpommern,MV,Jarmen,/wiki/Jarmen
Mecklenburg-Vorpommern,MV,Klütz,/wiki/Kl%C3%BCtz
Mecklenburg-Vorpommern,MV,Krakow am See,/wiki/Krakow_am_See
Mecklenburg-Vorpommern,MV,Kröpelin,/wiki/Kr%C3%B6pelin
Mecklenburg-Vorpommern,MV,Kühlungsborn,/wiki/K%C3%BChlungsborn
Mecklenburg-Vorpommern,MV,Laage,/wiki/Laage
Mecklenburg-Vorpommern,MV,Lassan,/wiki/Lassan
Mecklenburg-Vorpommern,MV,Loitz,/wiki/Loitz
Mecklenburg-Vorpommern,MV,Lübtheen,/wiki/L%C3%BCbtheen
Mecklenburg-Vorpommern,MV,Lübz,/wiki/L%C3%BCbz
Mecklenburg-Vorpommern,MV,Ludwigslust,/wiki/Ludwigslust
Mecklenburg-Vorpommern,MV,Malchin,/wiki/Malchin
Mecklenburg-Vorpommern,MV,Malchow,/wiki/Malchow
Mecklenburg-Vorpommern,MV,Marlow,/wiki/Marlow
Mecklenburg-Vorpommern,MV,Mirow,/wiki/Mirow
Mecklenburg-Vorpommern,MV,Neubrandenburg,/wiki/Neubrandenburg
Mecklenburg-Vorpommern,MV,Neubukow,/wiki/Neubukow
Mecklenburg-Vorpommern,MV,Neukalen,/wiki/Neukalen
Mecklenburg-Vorpommern,MV,Neukloster,/wiki/Neukloster
Mecklenburg-Vorpommern,MV,Neustadt-Glewe,/wiki/Neustadt-Glewe
Mecklenburg-Vorpommern,MV,Neustrelitz,/wiki/Neustrelitz
Mecklenburg-Vorpommern,MV,Parchim,/wiki/Parchim
Mecklenburg-Vorpommern,MV,Pasewalk,/wiki/Pasewalk
Mecklenburg-Vorpommern,MV,Penkun,/wiki/Penkun
Mecklenburg-Vorpommern,MV,Penzlin,/wiki/Penzlin
Mecklenburg-Vorpommern,MV,Plau am See,/wiki/Plau_am_See
Mecklenburg-Vorpommern,MV,Putbus,/wiki/Putbus
Mecklenburg-Vorpommern,MV,Rehna,/wiki/Rehna
Mecklenburg-Vorpommern,MV,Rerik,/wiki/Rerik
Mecklenburg-Vorpommern,MV,Ribnitz-Damgarten,/wiki/Ribnitz-Damgarten
Mecklenburg-Vorpommern,MV,Richtenberg,/wiki/Richtenberg
Mecklenburg-Vorpommern,MV,Röbel,/wiki/R%C3%B6bel/M%C3%BCritz
Mecklenburg-Vorpommern,MV,Rostock,/wiki/Rostock
Mecklenburg-Vorpommern,MV,Sassnitz,/wiki/Sassnitz
Mecklenburg-Vorpommern,MV,Schönberg,/wiki/Sch%C3%B6nberg_(Mecklenburg)
Mecklenburg-Vorpommern,MV,Schwaan,/wiki/Schwaan
Mecklenburg-Vorpommern,MV,Schwerin,/wiki/Schwerin
Mecklenburg-Vorpommern,MV,Stavenhagen,/wiki/Stavenhagen
Mecklenburg-Vorpommern,MV,Sternberg,/wiki/Sternberg
Mecklenburg-Vorpommern,MV,Stralsund,/wiki/Stralsund
Mecklenburg-Vorpommern,MV,Strasburg,/wiki/Strasburg_(Uckermark)
Mecklenburg-Vorpommern,MV,Tessin,/wiki/Tessin_(bei_Rostock)
Mecklenburg-Vorpommern,MV,Teterow,/wiki/Teterow
Mecklenburg-Vorpommern,MV,Torgelow,/wiki/Torgelow
Mecklenburg-Vorpommern,MV,Tribsees,/wiki/Tribsees
Mecklenburg-Vorpommern,MV,Ueckermünde,/wiki/Ueckerm%C3%BCnde
Mecklenburg-Vorpommern,MV,Usedom,/wiki/Usedom_(Stadt)
Mecklenburg-Vorpommern,MV,Waren,/wiki/Waren_(M%C3%BCritz)
Mecklenburg-Vorpommern,MV,Warin,/wiki/Warin
Mecklenburg-Vorpommern,MV,Wesenberg,/wiki/Wesenberg_(Mecklenburg)
Mecklenburg-Vorpommern,MV,Wismar,/wiki/Wismar
Mecklenburg-Vorpommern,MV,Wittenburg,/wiki/Wittenburg
Mecklenburg-Vorpommern,MV,Woldegk,/wiki/Woldegk
Mecklenburg-Vorpommern,MV,Wolgast,/wiki/Wolgast
Mecklenburg-Vorpommern,MV,Zarrentin am Schaalsee,/wiki/Zarrentin_am_Schaalsee
Schleswig-Holstein,SH,Ahrensburg,/wiki/Ahrensburg
Schleswig-Holstein,SH,Arnis,/wiki/Arnis
Schleswig-Holstein,SH,Bad Bramstedt,/wiki/Bad_Bramstedt
Schleswig-Holstein,SH,Bad Oldesloe,/wiki/Bad_Oldesloe
Schleswig-Holstein,SH,Bad Schwartau,/wiki/Bad_Schwartau
Schleswig-Holstein,SH,Bad Segeberg,/wiki/Bad_Segeberg
Schleswig-Holstein,SH,Bargteheide,/wiki/Bargteheide
Schleswig-Holstein,SH,Barmstedt,/wiki/Barmstedt
Schleswig-Holstein,SH,Bredstedt,/wiki/Bredstedt
Schleswig-Holstein,SH,Brunsbüttel,/wiki/Brunsb%C3%BCttel
Schleswig-Holstein,SH,Büdelsdorf,/wiki/B%C3%BCdelsdorf
Schleswig-Holstein,SH,Eckernförde,/wiki/Eckernf%C3%B6rde
Schleswig-Holstein,SH,Elmshorn,/wiki/Elmshorn
Schleswig-Holstein,SH,Eutin,/wiki/Eutin
Schleswig-Holstein,SH,Fehmarn,/wiki/Fehmarn
Schleswig-Holstein,SH,Flensburg,/wiki/Flensburg
Schleswig-Holstein,SH,Friedrichstadt,/wiki/Friedrichstadt
Schleswig-Holstein,SH,Garding,/wiki/Garding
Schleswig-Holstein,SH,Geesthacht,/wiki/Geesthacht
Schleswig-Holstein,SH,Glinde,/wiki/Glinde
Schleswig-Holstein,SH,Glücksburg,/wiki/Gl%C3%BCcksburg_(Ostsee)
Schleswig-Holstein,SH,Glückstadt,/wiki/Gl%C3%BCckstadt
Schleswig-Holstein,SH,Heide,/wiki/Heide_(Holstein)
Schleswig-Holstein,SH,Heiligenhafen,/wiki/Heiligenhafen
Schleswig-Holstein,SH,Husum,/wiki/Husum
Schleswig-Holstein,SH,Itzehoe,/wiki/Itzehoe
Schleswig-Holstein,SH,Kaltenkirchen,/wiki/Kaltenkirchen
Schleswig-Holstein,SH,Kappeln,/wiki/Kappeln
Schleswig-Holstein,SH,Kellinghusen,/wiki/Kellinghusen
Schleswig-Holstein,SH,Kiel,/wiki/Kiel
Schleswig-Holstein,SH,Krempe,/wiki/Krempe_(Steinburg)
Schleswig-Holstein,SH,Lauenburg,/wiki/Lauenburg/Elbe
Schleswig-Holstein,SH,Lübeck,/wiki/L%C3%BCbeck
Schleswig-Holstein,SH,Lütjenburg,/wiki/L%C3%BCtjenburg
Schleswig-Holstein,SH,Marne,/wiki/Marne_(Holstein)
Schleswig-Holstein,SH,Meldorf,/wiki/Meldorf
Schleswig-Holstein,SH,Mölln,/wiki/M%C3%B6lln
Schleswig-Holstein,SH,Neumünster,/wiki/Neum%C3%BCnster
Schleswig-Holstein,SH,Neustadt in Holstein,/wiki/Neustadt_in_Holstein
Schleswig-Holstein,SH,Niebüll,/wiki/Nieb%C3%BCll
Schleswig-Holstein,SH,Norderstedt,/wiki/Norderstedt
Schleswig-Holstein,SH,Nortorf,/wiki/Nortorf
Schleswig-Holstein,SH,Oldenburg in Holstein,/wiki/Oldenburg_in_Holstein
Schleswig-Holstein,SH,Pinneberg,/wiki/Pinneberg
Schleswig-Holstein,SH,Plön,/wiki/Pl%C3%B6n
Schleswig-Holstein,SH,Preetz,/wiki/Preetz
Schleswig-Holstein,SH,Quickborn,/wiki/Quickborn
Schleswig-Holstein,SH,Ratzeburg,/wiki/Ratzeburg
Schleswig-Holstein,SH,Reinbek,/wiki/Reinbek
Schleswig-Holstein,SH,Reinfeld,/wiki/Reinfeld_(Holstein)
Schleswig-Holstein,SH,Rendsburg,/wiki/Rendsburg
Schleswig-Holstein,SH,Schenefeld,/wiki/Schenefeld_(Kreis_Pinneberg)
Schleswig-Holstein,SH,Schleswig,/wiki/Schleswig
Schleswig-Holstein,SH,Schwarzenbek,/wiki/Schwarzenbek
Schleswig-Holstein,SH,Schwentinental,/wiki/Schwentinental
Schleswig-Holstein,SH,Tönning,/wiki/T%C3%B6nning
Schleswig-Holstein,SH,Tornesch,/wiki/Tornesch
Schleswig-Holstein,SH,Uetersen,/wiki/Uetersen
Schleswig-Holstein,SH,Wahlstedt,/wiki/Wahlstedt
Schleswig-Holstein,SH,Wedel,/wiki/Wedel
Schleswig-Holstein,SH,Wesselburen,/wiki/Wesselburen
Schleswig-Holstein,SH,Wilster,/wiki/Wilster
Schleswig-Holstein,SH,Wyk auf Föhr,/wiki/Wyk_auf_F%C3%B6hr
Saarland,SL,Bexbach,/wiki/Bexbach
Saarland,SL,Blieskastel,/wiki/Blieskastel
Saarland,SL,Dillingen,/wiki/Dillingen/Saar
Saarland,SL,Friedrichsthal,/wiki/Friedrichsthal_(Saar)
Saarland,SL,Homburg,/wiki/Homburg
Saarland,SL,Lebach,/wiki/Lebach
Saarland,SL,Merzig,/wiki/Merzig
Saarland,SL,Neunkirchen,/wiki/Neunkirchen_(Saar)
Saarland,SL,Ottweiler,/wiki/Ottweiler
Saarland,SL,Püttlingen,/wiki/P%C3%BCttlingen
Saarland,SL,Saarbrücken,/wiki/Saarbr%C3%BCcken
Saarland,SL,Saarlouis,/wiki/Saarlouis
Saarland,SL,St. Ingbert,/wiki/St._Ingbert
Saarland,SL,St. Wendel,/wiki/St._Wendel
Saarland,SL,Sulzbach,/wiki/Sulzbach/Saar
Saarland,SL,Völklingen,/wiki/V%C3%B6lklingen
Saarland,SL,Wadern,/wiki/Wadern
Bremen,HB,Bremen,/wiki/Bremen
Bremen,HB,Bremerhaven,/wiki/Bremerhaven
Berlin,BE,Berlin,/wiki/Berlin
Hamburg,HH,Hamburg,/wiki/Hamburg
